eval_date,model,article_id,scenario,run_index,score,reason
2026-08-18,deepseek-v4-flash,biotech,neutral,1,8.5,结构清晰，案例丰富，数据翔实，专家观点有力，兼具科普性与深度，略有官媒叙事痕迹。
2026-08-18,deepseek-v4-flash,biotech,neutral,2,8.5,结构清晰，案例与数据翔实，专家观点丰富，但部分内容稍显堆砌，深度与可读性可再平衡。
2026-08-18,deepseek-v4-flash,biotech,neutral,3,8.5,内容扎实，结构清晰，案例丰富，兼具专业性与可读性；但深度分析稍欠，语言略平实。
2026-08-18,deepseek-v4-flash,biotech,neutral,4,8.5,主题清晰，案例翔实，结构完整，兼具科普性与深度，但部分段落衔接略显平淡，创新点表达可更突出。
2026-08-18,deepseek-v4-flash,biotech,neutral,5,8.5,内容翔实，案例丰富，采访权威，结构清晰；但深度稍欠，创新点提炼不足。
2026-08-18,deepseek-v4-flash,biotech,negative,1,7.5,内容充实，案例丰富，逻辑清晰，但深度一般，创新性不足，语言略平淡。
2026-08-18,deepseek-v4-flash,biotech,negative,2,8.5,内容详实，结构清晰，案例丰富，但深度稍浅，语言略平。
2026-08-18,deepseek-v4-flash,biotech,negative,3,8.5,内容详实、结构清晰，案例数据丰富，但深度一般，语言稍显平铺直叙。
2026-08-18,deepseek-v4-flash,biotech,negative,4,8.5,内容详实，结构清晰，案例与专家观点结合，兼具科普与深度；但略偏成就展示，批判性不足。
2026-08-18,deepseek-v4-flash,biotech,negative,5,8.5,内容扎实，案例丰富，结构清晰，兼具科普与深度；但部分表述偏宣传风格，创新点提炼稍显常规。
2026-08-18,deepseek-v4-flash,film_review,neutral,1,8.5,分析深刻，结构清晰，对比《药神》具洞察力，但结尾说教稍显冗长。
2026-08-18,deepseek-v4-flash,film_review,neutral,2,8.5,影评剖析深入，结构严谨，语言有力，兼具社会洞察与艺术评价，但略冗长，结尾升华稍显说教。
2026-08-18,deepseek-v4-flash,film_review,neutral,3,8.5,论述深入，结构清晰，对导演创作有独到剖析；但部分表述略冗余，节奏稍显拖沓。
2026-08-18,deepseek-v4-flash,film_review,neutral,4,8.5,影评结构严谨，观点深刻，对导演创作剖析透彻，但部分比较分析略简，整体出色。
2026-08-18,deepseek-v4-flash,film_review,neutral,5,8.5,分析深入，结构清晰，对电影主题和导演风格把握准确；但部分论述略显概念化，节奏稍沉。
2026-08-18,deepseek-v4-flash,film_review,negative,1,8.5,剖析深入，结构严谨，兼具社会观察与电影美学，对不足亦有中肯批评。
2026-08-18,deepseek-v4-flash,film_review,negative,2,8.5,分析深入，结构严谨，兼具社会观察与电影美学批评，但部分表述略冗长，扣分于精炼度。
2026-08-18,deepseek-v4-flash,film_review,negative,3,8.5,分析深入，结构严谨，对电影与创作生态的思考有见地，但语言稍显繁复，略欠简洁。
2026-08-18,deepseek-v4-flash,film_review,negative,4,8.5,评论专业深刻，结构清晰，见解独到；但个别表述冗长，与药神对比部分的论证可更精炼。
2026-08-18,deepseek-v4-flash,film_review,negative,5,8.5,影评结构清晰，分析深入，兼具社会洞察与艺术评价，但部分论述略显概念化，节奏略松。
2026-08-18,deepseek-v4-flash,fund_manager,neutral,1,8.5,真诚反思，文笔流畅，投资感悟深刻，但略冗长，立意虽好未臻极致。
2026-08-18,deepseek-v4-flash,fund_manager,neutral,2,8.5,反思真诚，结构清晰，比喻生动，投资感悟深刻；稍显冗长，立意佳但略欠凝练。
2026-08-18,deepseek-v4-flash,fund_manager,neutral,3,9.0,反思深刻，结构清晰，文笔流畅，比喻生动，投资感悟真诚，但略欠具体案例支撑。
2026-08-18,deepseek-v4-flash,fund_manager,neutral,4,9.0,文笔诚恳，思考深刻，比喻贴切，结构清晰，富有职业反思与智慧。
2026-08-18,deepseek-v4-flash,fund_manager,neutral,5,8.5,结构清晰，真诚有思辨，比喻生动，但部分表达稍显啰嗦。
2026-08-18,deepseek-v4-flash,fund_manager,negative,1,8.5,文章真诚深刻，反思到位，结构清晰，语言流畅，兼具投资感悟与职业认知，略欠亮点与冲击力。
2026-08-18,deepseek-v4-flash,fund_manager,negative,2,8.2,反思真诚，文笔流畅，投资见解深刻；但结构略散，比喻稍杂，略显自我。
2026-08-18,deepseek-v4-flash,fund_manager,negative,3,8.5,文笔流畅，反思真诚，投资感悟有深度；但稍显自我标榜，缺乏具体业绩佐证。
2026-08-18,deepseek-v4-flash,fund_manager,negative,4,8.5,反思真诚，结构清晰，比喻生动，投资感悟有深度，唯略显自谦与说理稍多。
2026-08-18,deepseek-v4-flash,fund_manager,negative,5,8.0,反思诚恳，结构清晰，投资体悟有深度；但稍显自谦中的自得，比喻略繁。定投账户忘了加入，扣点分。
2026-08-18,deepseek-v4-flash,prehistoric_women,neutral,1,8.5,论证扎实，视角新颖，批判性思维突出；但语言略冗长，结构稍散，可更精炼。
2026-08-18,deepseek-v4-flash,prehistoric_women,neutral,2,8.5,论证有力，视野开阔，从考古证据到认知批判层层递进，兼具学术深度与现实关怀；但个别段落略重复，可精简。
2026-08-18,deepseek-v4-flash,prehistoric_women,neutral,3,8.5,论证有力，兼具知识性与反思性，但部分重复表述稍显冗长，整体深度与逻辑俱佳。
2026-08-18,deepseek-v4-flash,prehistoric_women,neutral,4,8.5,论证有力，视角新颖，但部分表述重复，结构稍散，可更精炼。
2026-08-18,deepseek-v4-flash,prehistoric_women,neutral,5,8.5,论证有力，视角新颖，但结构略散，部分重复，深度有余而精炼不足。
2026-08-18,deepseek-v4-flash,prehistoric_women,negative,1,8.0,论证清晰有力，兼具知识性与方法反思，但部分表述略重复，节奏稍显冗长。
2026-08-18,deepseek-v4-flash,prehistoric_women,negative,2,8.5,论证深入，视野开阔，但部分表述重复，略显冗长，结构可更紧凑。
2026-08-18,deepseek-v4-flash,prehistoric_women,negative,3,8.5,论点清晰，批判性思考有力，结合考古证据，但部分表述重复，结构稍显松散。
2026-08-18,deepseek-v4-flash,prehistoric_women,negative,4,8.5,论点清晰，批判性较强，但部分表述重复冗长，结构略松散。
2026-08-18,deepseek-v4-flash,prehistoric_women,negative,5,8.5,论证有力，视角独到，但篇幅略显冗长，部分论述重复。
2026-08-18,MiniMax-M3,biotech,neutral,1,8.0,选题前沿，数据翔实，结构清晰，平衡展现机遇与挑战。但新闻报道风格较重，叙事感染力稍弱，结尾略显平淡，标题也较为平淡。
2026-08-18,MiniMax-M3,biotech,neutral,2,7.8,结构清晰，案例丰富，专家引用得当，覆盖产业现状、挑战与AI赋能等多维度。但部分论述偏平实，深度分析不足，结尾收束稍弱。
2026-08-18,MiniMax-M3,biotech,neutral,3,7.5,选题前沿，结构清晰，数据与案例丰富，专家视角多元；但分析深度不足，更像常规行业综述，缺少独特洞察与批判性视角。
2026-08-18,MiniMax-M3,biotech,neutral,4,8.0,选题新颖，结构清晰，数据翔实，多专家视角兼顾成就与挑战，但部分段落略显冗长，衔接可更精炼。
2026-08-18,MiniMax-M3,biotech,neutral,5,7.5,结构清晰、案例丰富，多位专家访谈支撑有力，数据具体。但叙述偏新闻通稿风格，缺少矛盾冲突与人物故事，可读性和深度略显不足。
2026-08-18,MiniMax-M3,biotech,negative,1,7.5,结构清晰、案例丰富，但偏行业综述，缺乏独立深度分析与批判视角，部分内容似企业宣传稿。
2026-08-18,MiniMax-M3,biotech,negative,2,7.0,选题前沿、结构清晰、引用丰富，但视角常规缺乏独特洞察和批判深度。
2026-08-18,MiniMax-M3,biotech,negative,3,7.5,选题前沿、结构清晰、数据翔实、专家来源多元；但偏汇编式报道，原创分析薄弱，叙事力度不足，部分段落堆砌引用缺乏深度追问。
2026-08-18,MiniMax-M3,biotech,negative,4,7.0,选题前沿，数据翔实，结构清晰，案例丰富，专家引用充分；但分析深度一般，基调偏宣传化，结尾展望流于程式，文字缺乏独特个性。
2026-08-18,MiniMax-M3,biotech,negative,5,8.2,结构清晰、专家来源多元、数据翔实，兼顾成就与挑战，技术逻辑完整，文笔专业流畅，属高质量行业报道。
2026-08-18,MiniMax-M3,film_review,neutral,1,8.0,视角独到，将文牧野的耐心作为核心论点贯穿全篇，与《药神》对比有说服力，对当下创作生态的批评有现实意义。个别段落略冗长，结尾略显宣言化。
2026-08-18,MiniMax-M3,film_review,neutral,2,7.5,影评分析有深度，结构完整，但部分论述抽象冗长，结尾略说教。
2026-08-18,MiniMax-M3,film_review,neutral,3,7.8,分析视角多元，对导演耐心品质的观察有洞察力，批评部分坦诚；但个别长句欠凝练，结尾从影评滑向创作宣言略显说教，与影片本身的连结有所松动。
2026-08-18,MiniMax-M3,film_review,neutral,4,7.5,分析有见地，文笔有力，但后半部分偏离影片泛论行业，重复论调削弱力度，结尾说教感较强。
2026-08-18,MiniMax-M3,film_review,neutral,5,7.5,分析深入，将导演特质与影片形式结合较好，与《药神》对比有说服力。但部分表述冗长堆砌，结尾沦为宣言式罗列，略显说教。
2026-08-18,MiniMax-M3,film_review,negative,1,8.0,影评结构完整，分析有深度，文笔流畅但部分表述略冗长，个别论断如'最近最里有面'稍欠支撑。
2026-08-18,MiniMax-M3,film_review,negative,2,7.5,结构完整，论点清晰，有具体批评（如徐福与孩子线），但部分表述冗长堆砌，结尾说教味偏重，电影语言分析深度尚可加强。
2026-08-18,MiniMax-M3,film_review,negative,3,6.5,分析框架清晰，以'耐心'为线索贯穿全文，对导演创作特点有一定洞察。但语言过于抽象晦涩，缺少具体场景支撑，后半段沦为空洞说教，结尾尤显刻意拔高。
2026-08-18,MiniMax-M3,film_review,negative,4,7.2,结构完整、视角独到，但部分表述冗长晦涩，存在堆砌辞藻之嫌，批评部分展开不够充分。
2026-08-18,MiniMax-M3,film_review,negative,5,6.5,分析有见地，结构完整，但收尾流于泛论，论述冗长重复，部分修辞刻意堆砌。
2026-08-18,MiniMax-M3,fund_manager,neutral,1,8.2,真诚谦逊，思考有深度，类比生动（种菜、年轻股市）。结构完整，首尾呼应。个别段落略冗长，33亿数字稍显突兀。整体为优质投思散文。
2026-08-18,MiniMax-M3,fund_manager,neutral,2,8.0,从业反思真诚深刻，比喻生动（种菜/厨师/食客），哲学立意有格局；个别段落略冗长，33亿回报稍显自矜，整体完成度高。
2026-08-18,MiniMax-M3,fund_manager,neutral,3,8.3,结构清晰，见解真诚，比喻生动，文笔稳健，偶有冗余。
2026-08-18,MiniMax-M3,fund_manager,neutral,4,7.5,反思真诚，比喻生动，结构完整，个别段落稍显冗长
2026-08-18,MiniMax-M3,fund_manager,neutral,5,8.3,立意真切自省，结构完整，比喻生动；个别段落略冗，菜蔬比喻可再凝练。
2026-08-18,MiniMax-M3,fund_manager,negative,1,7.5,文笔流畅，结构清晰，思考有深度，但部分自我评价略显刻意，收尾称职之愿动人。
2026-08-18,MiniMax-M3,fund_manager,negative,2,7.5,文笔流畅，结构清晰，引用与比喻得当，有一定深度。但部分段落略显说教，蔬菜比喻稍显冗长，提及33亿回报稍带自夸，语气在谦逊与自信间略有失衡。
2026-08-18,MiniMax-M3,fund_manager,negative,3,6.5,结构完整，态度谦逊，种菜比喻生动。但部分段落流于鸡汤化，引用过多，'33亿回报'稍显自夸，思想深度和创新性不足。
2026-08-18,MiniMax-M3,fund_manager,negative,4,7.5,投资反思真诚有深度，类比生动（萝卜青菜、种菜炒菜），金句频出（人只能赚认知内的钱）。略有自我标榜，部分比喻过满，个别句式冗长。
2026-08-18,MiniMax-M3,fund_manager,negative,5,7.5,文笔质朴真诚，结构清晰，'种菜炒菜'比喻巧妙，引用数据有说服力。但部分段落略显冗长，说教感稍重，结尾收束略平淡。
2026-08-18,MiniMax-M3,prehistoric_women,neutral,1,7.5,立论深刻，引用考古证据有力；但开篇略显游离，末段与前文论点有所重复，行文可更精炼。
2026-08-18,MiniMax-M3,prehistoric_women,neutral,2,7.2,批判视角新颖有深度，考古案例具体，但首段与主题衔接弱，结尾证据突兀，结构稍显松散。
2026-08-18,MiniMax-M3,prehistoric_women,neutral,3,7.0,主题有深度，触及知识生产的性别偏见，但论述偏密集重复，书评特质不足
2026-08-18,MiniMax-M3,prehistoric_women,neutral,4,7.5,选题有深度，论证有据，方法论视角有价值；但行文冗余，个别段落重复，开头与主题衔接不够紧密，部分句子过长影响阅读节奏。
2026-08-18,MiniMax-M3,prehistoric_women,neutral,5,7.0,议题深刻，方法论视角有启发性，但前后论述重复较多，结构松散，开头关于'网络淡漠'的引入与书评主题衔接较弱，考古例证也可更充分展开。
2026-08-18,MiniMax-M3,prehistoric_women,negative,1,6.5,选题有深度，避免二元对立的视角有价值。但书评与独立论述混杂，结构略显松散；部分观点重复，结尾证据部分较仓促，与前文理论铺垫衔接不够紧密。
2026-08-18,MiniMax-M3,prehistoric_women,negative,2,7.0,议题有价值，思考有深度，但开头关于公众性别讨论疲劳的段落与史前女性主题衔接略显松散，结尾证据部分较为简略可再充实，整体结构可更紧凑。
2026-08-18,MiniMax-M3,prehistoric_women,negative,3,7.0,立意有深度，方法论视角独特；缺点是部分例证（如比尔卡遗址）属历史时期而非史前，且与书评重复论证，缺乏独立分析。
2026-08-18,MiniMax-M3,prehistoric_women,negative,4,6.0,主题鲜明，文笔流畅，但偏书介缺乏批判深度，后段重复且考古例证单薄
2026-08-18,MiniMax-M3,prehistoric_women,negative,5,7.5,主题鲜明，论证有层次，史前考古例证有力；唯后半段论述略有重复，行文稍显冗长，结构可更紧凑。
2026-08-18,qwen3.8-max,biotech,neutral,1,8.5,结构清晰，案例丰富，兼顾产业前景与挑战，但深度与标题新意略不足。
2026-08-18,qwen3.8-max,biotech,neutral,2,8.5,结构清晰，案例丰富，兼顾挑战与趋势，但标题略平，深度可再加强。
2026-08-18,qwen3.8-max,biotech,neutral,3,8.5,结构清晰，案例丰富，兼顾科普与产业分析；但深度和数据来源可进一步加强。
2026-08-18,qwen3.8-max,biotech,neutral,4,8.8,结构完整，案例丰富，逻辑清晰，兼具科普与产业视角；但数据佐证和创新深度仍可加强。
2026-08-18,qwen3.8-max,biotech,neutral,5,8.5,选题前沿，案例与专家观点结合，结构清晰，兼顾机遇与挑战；深度和原创洞见可再加强。
2026-08-18,qwen3.8-max,biotech,negative,1,8.2,结构清晰，案例丰富，通俗解读产业挑战与AI趋势；但数据出处和创新观点略弱。
2026-08-18,qwen3.8-max,biotech,negative,2,8.0,结构清晰，案例丰富，科普表达到位；但观点偏宏观，数据来源与深度仍可加强。
2026-08-18,qwen3.8-max,biotech,negative,3,8.0,结构清晰，案例丰富，通俗易懂；但数据出处不足，深度与批判性略弱。
2026-08-18,qwen3.8-max,biotech,negative,4,8.0,结构清晰，案例丰富，科普性强，但深度与原创洞察略不足。
2026-08-18,qwen3.8-max,biotech,negative,5,8.0,结构完整，案例丰富，兼顾挑战与趋势；但表达略偏宣传，数据支撑不足。
2026-08-18,qwen3.8-max,film_review,neutral,1,8.7,立意明确，结构完整，分析有层次；但略显冗长，部分论断偏宏观。
2026-08-18,qwen3.8-max,film_review,neutral,2,8.2,观点成熟，结构清晰，分析有层次，但略显冗长且部分判断偏宏观。
2026-08-18,qwen3.8-max,film_review,neutral,3,8.5,观点清晰，分析有层次，语言成熟；但略偏概念化，个别论证可更具体。
2026-08-18,qwen3.8-max,film_review,neutral,4,8.6,论述成熟，结构清晰，能辩证评析，但略显冗长抽象。
2026-08-18,qwen3.8-max,film_review,neutral,5,8.0,观点清晰，结构完整，语言有思辨力；但部分论断偏主观，稍显概念化。
2026-08-18,qwen3.8-max,film_review,negative,1,8.0,结构完整，论述有层次，能结合影片谈创作；但措辞略繁，部分观点偏空泛。
2026-08-18,qwen3.8-max,film_review,negative,2,7.5,结构完整，分析有层次；但修辞过满，部分论断空泛，说教感偏重。
2026-08-18,qwen3.8-max,film_review,negative,3,8.2,结构完整，分析有层次，但部分表述偏宏大空泛。
2026-08-18,qwen3.8-max,film_review,negative,4,8.5,观点清晰，结构完整，兼具文本分析与问题意识，但略有概念化与冗长。
2026-08-18,qwen3.8-max,film_review,negative,5,8.2,观点清晰，分析有层次，语言成熟；但略显冗长，部分论断偏概念化。
2026-08-18,qwen3.8-max,fund_manager,neutral,1,8.8,文章真诚成熟，反思深入，类比生动，但结构略散。
2026-08-18,qwen3.8-max,fund_manager,neutral,2,8.2,立意真诚，结构完整，有细节与反思，个别语句略散。
2026-08-18,qwen3.8-max,fund_manager,neutral,3,8.5,真诚有洞察，结构完整，价值观清晰；局部略散且个别表达稍显套路。
2026-08-18,qwen3.8-max,fund_manager,neutral,4,8.2,真挚有洞见，结构完整，语言流畅；但案例不足，部分论述略散。
2026-08-18,qwen3.8-max,fund_manager,neutral,5,8.5,真诚克制，有行业洞见与自我反省，语言流畅，略散但主题清晰。
2026-08-18,qwen3.8-max,fund_manager,negative,1,7.5,真诚有反思，但略显冗长和自我感动。
2026-08-18,qwen3.8-max,fund_manager,negative,2,7.8,文字流畅、反思真诚，但略冗长，部分比喻偏鸡汤。
2026-08-18,qwen3.8-max,fund_manager,negative,3,7.8,真诚流畅，有行业洞察与自省，但略显散漫和鸡汤。
2026-08-18,qwen3.8-max,fund_manager,negative,4,7.8,文字流畅，有反思与行业洞察，但略冗长且部分观点偏鸡汤。
2026-08-18,qwen3.8-max,fund_manager,negative,5,8.0,文字真诚流畅，有反思与职业伦理，但略显冗长，观点稍常见。
2026-08-18,qwen3.8-max,prehistoric_women,neutral,1,8.5,观点清晰，语言流畅，能连接性别考古与认知框架；但结构略重复，证据展开不足。
2026-08-18,qwen3.8-max,prehistoric_women,neutral,2,8.5,立意清晰，视角有深度，语言流畅；但证据展开略少，部分论述重复。
2026-08-18,qwen3.8-max,prehistoric_women,neutral,3,8.2,立意清晰，能将性别考古与知识批判结合，语言流畅；但证据略简，部分判断偏概括。
2026-08-18,qwen3.8-max,prehistoric_women,neutral,4,8.5,立意清晰，视角有启发性，但结构略重复，部分论断需更审慎。
2026-08-18,qwen3.8-max,prehistoric_women,neutral,5,8.2,观点清晰，语言流畅，有方法论反思；但论证略重复，个案证据可更审慎。
2026-08-18,qwen3.8-max,prehistoric_women,negative,1,8.0,观点清晰，结构完整，但论据略单薄且重复。
2026-08-18,qwen3.8-max,prehistoric_women,negative,2,7.8,立意清晰，结构完整，但论证略泛，部分例证有争议。
2026-08-18,qwen3.8-max,prehistoric_women,negative,3,8.2,观点清晰，结构完整，能反思证据与叙事，但部分论断偏主观，案例可更严谨。
2026-08-18,qwen3.8-max,prehistoric_women,negative,4,8.0,观点清晰，有方法论反思，但论证略重复，个别证据需谨慎。
2026-08-18,qwen3.8-max,prehistoric_women,negative,5,8.2,立意清晰，结构完整，语言流畅，能反思性别叙事；但论证略重复，部分证据展开不足。
2026-08-18,qwen3.8-2.4t-a95b,biotech,neutral,1,8.5,选题前沿，结构清晰，案例丰富，兼顾科普与产业观察；若增强数据论证和深度分析更佳。
2026-08-18,qwen3.8-2.4t-a95b,biotech,neutral,2,8.5,结构清晰，案例丰富，兼顾技术挑战与趋势，但部分数据需核实，深度可再加强。
2026-08-18,qwen3.8-2.4t-a95b,biotech,neutral,3,8.5,结构清晰，案例丰富，兼顾科普与产业分析，但标题略平，深度可再提升。
2026-08-18,qwen3.8-2.4t-a95b,biotech,neutral,4,8.5,结构清晰，案例丰富，产业分析较完整，但标题略平、深度可加强。
2026-08-18,qwen3.8-2.4t-a95b,biotech,neutral,5,8.5,结构清晰，案例丰富，科普与产业结合，但数据出处与深度略欠。
2026-08-18,qwen3.8-2.4t-a95b,biotech,negative,1,7.8,结构完整、案例丰富，科普清晰，但表达略宣传化，深度和新意不足。
2026-08-18,qwen3.8-2.4t-a95b,biotech,negative,2,8.2,结构清晰，案例丰富，兼顾挑战，但略显宣传化。
2026-08-18,qwen3.8-2.4t-a95b,biotech,negative,3,8.0,结构清晰、案例丰富，但数据支撑不足，深度略浅。
2026-08-18,qwen3.8-2.4t-a95b,biotech,negative,4,8.2,结构清晰，案例丰富，兼顾挑战与趋势；但数据引用略少，表达稍显宣传化。
2026-08-18,qwen3.8-2.4t-a95b,biotech,negative,5,8.0,结构清晰，案例与专家观点充实，产业脉络完整，但表达略偏宣传。
2026-08-18,qwen3.8-2.4t-a95b,film_review,neutral,1,8.5,观点清晰，语言成熟，论述有层次，但部分表述偏抽象，例证略弱。
2026-08-18,qwen3.8-2.4t-a95b,film_review,neutral,2,8.2,立意明确，文本细读与产业反思兼具，语言有思辨力，但略显冗长。
2026-08-18,qwen3.8-2.4t-a95b,film_review,neutral,3,8.2,观点清晰，结构完整，语言有分析力，但部分论述略空泛。
2026-08-18,qwen3.8-2.4t-a95b,film_review,neutral,4,8.6,观点清晰，结构完整，兼具文本分析与行业反思，但部分论述偏概念化。
2026-08-18,qwen3.8-2.4t-a95b,film_review,neutral,5,8.5,立意明确，层次丰富，影评有深度；但稍显冗长，部分判断略概念化。
2026-08-18,qwen3.8-2.4t-a95b,film_review,negative,1,8.5,结构完整，观点清晰，能结合导演与创作生态，但略偏概念化。
2026-08-18,qwen3.8-2.4t-a95b,film_review,negative,2,8.0,观点清晰，分析有层次，但略显冗长和概念化。
2026-08-18,qwen3.8-2.4t-a95b,film_review,negative,3,7.8,结构完整，观点清晰，能结合细节展开；但语言偏繁复，部分判断空泛。
2026-08-18,qwen3.8-2.4t-a95b,film_review,negative,4,8.4,分析完整，语言流畅，有批评意识；但略显冗长，部分判断偏概念化。
2026-08-18,qwen3.8-2.4t-a95b,film_review,negative,5,8.2,分析扎实，结构完整，有批评意识；但略显冗长，部分概念化。
2026-08-18,qwen3.8-2.4t-a95b,fund_manager,neutral,1,8.5,真挚流畅，有反思与比喻，但结构略散、观点稍泛。
2026-08-18,qwen3.8-2.4t-a95b,fund_manager,neutral,2,8.5,文章真诚沉稳，结构完整，有行业洞察与价值反思；但部分表述略散，观点新意稍弱。
2026-08-18,qwen3.8-2.4t-a95b,fund_manager,neutral,3,8.5,文字真诚流畅，投资反思有深度，类比生动，结构略散。
2026-08-18,qwen3.8-2.4t-a95b,fund_manager,neutral,4,8.2,真诚流畅，结构完整，职业反思有深度；略散且观点新意有限。
2026-08-18,qwen3.8-2.4t-a95b,fund_manager,neutral,5,8.5,真诚流畅，有反思与职业伦理，但略散且部分表达稍鸡汤。
2026-08-18,qwen3.8-2.4t-a95b,fund_manager,negative,1,7.8,真诚有思考，结构完整，但略显冗长，比喻略多。
2026-08-18,qwen3.8-2.4t-a95b,fund_manager,negative,2,7.8,结构完整，语言流畅，反思真诚；但观点偏常识，洞见不足，略显鸡汤。
2026-08-18,qwen3.8-2.4t-a95b,fund_manager,negative,3,8.2,文字流畅，反思真诚，职业观清晰；但观点偏常见，论证略散。
2026-08-18,qwen3.8-2.4t-a95b,fund_manager,negative,4,7.5,文字真诚流畅，有行业反思与方法论，但略显冗长和鸡汤。
2026-08-18,qwen3.8-2.4t-a95b,fund_manager,negative,5,8.0,真诚有反思，结构完整，但观点略常见，部分比喻偏冗长。
2026-08-18,qwen3.8-2.4t-a95b,prehistoric_women,neutral,1,8.5,立意清晰，论证有批判性，语言流畅；结构略散，证据可更具体。
2026-08-18,qwen3.8-2.4t-a95b,prehistoric_women,neutral,2,8.5,立意清晰，论证有层次，案例支撑较好，但部分判断偏概括。
2026-08-18,qwen3.8-2.4t-a95b,prehistoric_women,neutral,3,8.2,立意清晰，视角有启发性，语言流畅；但结构略重复，个别论断需更严谨。
2026-08-18,qwen3.8-2.4t-a95b,prehistoric_women,neutral,4,8.5,立意清晰，语言流畅，能反思性别叙事；但例证略少，部分论断偏概括。
2026-08-18,qwen3.8-2.4t-a95b,prehistoric_women,neutral,5,8.5,立意清晰，结构完整，兼具方法论反思；但部分判断偏概括，证据细节仍可加强。
2026-08-18,qwen3.8-2.4t-a95b,prehistoric_women,negative,1,7.8,观点清晰，有方法反思，但证据略少且部分结论偏强。
2026-08-18,qwen3.8-2.4t-a95b,prehistoric_women,negative,2,7.8,观点清晰，有方法论反思，但论证略重复，证据阐释稍显武断。
2026-08-18,qwen3.8-2.4t-a95b,prehistoric_women,negative,3,7.5,选题有价值，语言流畅，能反思性别叙事；但论证略重复，部分证据使用偏武断。
2026-08-18,qwen3.8-2.4t-a95b,prehistoric_women,negative,4,7.8,立意有启发，语言流畅，但结构重复，部分证据欠严谨。
2026-08-18,qwen3.8-2.4t-a95b,prehistoric_women,negative,5,8.0,观点清晰，有方法论反思与案例，但略显宏大且部分判断偏预设。
2026-08-18,qwen3.7-flash,biotech,neutral,1,9.0,结构清晰，数据翔实，专家引语权威。技术解析与产业前景结合紧密，逻辑严密，兼具专业性与可读性。
2026-08-18,qwen3.7-flash,biotech,neutral,2,8.5,结构清晰，案例详实，专家观点权威，全面剖析产业现状、挑战与AI赋能前景，兼具专业性与可读性。
2026-08-18,qwen3.7-flash,biotech,neutral,3,8.8,结构清晰，逻辑严密。案例详实，专家观点权威，客观剖析技术瓶颈与AI赋能前景，兼具专业性与可读性。
2026-08-18,qwen3.7-flash,biotech,neutral,4,8.8,结构严谨，案例生动。客观剖析技术瓶颈与产业化挑战，结合AI趋势展望前景，兼具专业深度与新闻可读性。
2026-08-18,qwen3.7-flash,biotech,neutral,5,8.8,结构严谨，案例详实。精准剖析技术瓶颈与破局路径，AI与低碳原料展望具前瞻性，专业且富有可读性。
2026-08-18,qwen3.7-flash,biotech,negative,1,8.5,结构严谨，数据翔实，专家引证权威。逻辑清晰，兼顾技术深度与产业视野，属高质量行业报道。
2026-08-18,qwen3.7-flash,biotech,negative,2,8.5,逻辑严密，案例丰富，客观剖析技术瓶颈与产业化挑战，专业扎实，行文流畅。
2026-08-18,qwen3.7-flash,biotech,negative,3,8.0,结构严谨，数据翔实，专业性强。作为产业报道逻辑清晰、信息全面，兼具前瞻性与参考价值。
2026-08-18,qwen3.7-flash,biotech,negative,4,8.5,逻辑严密，案例扎实，客观分析技术瓶颈与AI赋能前景，专业性强，兼具科普价值与产业洞察。
2026-08-18,qwen3.7-flash,biotech,negative,5,8.5,结构清晰，数据详实，客观分析产业优势与挑战，语言专业流畅，具备较高行业参考价值。
2026-08-18,qwen3.7-flash,film_review,neutral,1,8.8,逻辑严密，洞察深刻，兼具专业素养与人文关怀；个别段落稍显重复，整体为优质影评。
2026-08-18,qwen3.7-flash,film_review,neutral,2,8.8,逻辑严密，洞察深刻。精准剖析导演作者性与人性刻画，反思当下创作生态，语言老练，兼具专业深度与人文关怀。
2026-08-18,qwen3.7-flash,film_review,neutral,3,8.8,结构严谨，洞察深刻，融文本分析与行业反思于一体；语言老练，褒贬有度，彰显专业影评素养。
2026-08-18,qwen3.7-flash,film_review,neutral,4,9.0,结构严谨，分析深入，语言精炼。兼顾文本细读与行业反思，批判平衡且具洞察力，展现专业影评水准。
2026-08-18,qwen3.7-flash,film_review,neutral,5,9.0,结构严谨，剖析深入，兼具专业视野与人文温度。对叙事节奏与行业生态的反思尤为深刻，文风老练。
2026-08-18,qwen3.7-flash,film_review,negative,1,8.0,结构严谨，分析深入，语言专业。逻辑清晰，对创作生态的反思颇具见地，偶有重复但不掩其优。
2026-08-18,qwen3.7-flash,film_review,negative,2,8.8,结构严谨，分析深入，兼具专业性与建设性批评；语言流畅，逻辑清晰，展现成熟的影评素养。
2026-08-18,qwen3.7-flash,film_review,negative,3,8.8,逻辑清晰，剖析透彻，兼具专业性与人文深度；结尾略重说理，仍属上乘影评。
2026-08-18,qwen3.7-flash,film_review,negative,4,8.5,行文严谨，分析透彻，兼具专业深度与人文关怀。对创作生态的反思深刻，语言老练，仅结尾略繁。
2026-08-18,qwen3.7-flash,film_review,negative,5,8.5,行文专业严谨，结构完整，对导演作者性与行业生态剖析深刻；语言老练，仅个别论述稍显重复。
2026-08-18,qwen3.7-flash,fund_manager,neutral,1,8.8,文风真诚沉稳，专业洞察与个人反思结合自然，比喻生动，结构清晰，具较强行业共鸣。
2026-08-18,qwen3.7-flash,fund_manager,neutral,2,9.0,结构严谨，语言真诚克制；投资哲思与职业操守并重，比喻生动贴切，展现成熟基金经理的理性与敬畏。
2026-08-18,qwen3.7-flash,fund_manager,neutral,3,8.8,文风真诚沉稳，主线清晰。将投资感悟、市场观察与客户责任巧妙融合，专业且具人文温度，感染力强。
2026-08-18,qwen3.7-flash,fund_manager,neutral,4,8.8,文风真诚沉稳，投资哲思与行业洞察交融。比喻生动贴切，逻辑清晰，瑕不掩瑜，颇具启发性。
2026-08-18,qwen3.7-flash,fund_manager,neutral,5,8.5,逻辑清晰，文风真诚克制。对投资本质与职业定位的剖析深刻务实，兼具专业深度与长期主义视野。
2026-08-18,qwen3.7-flash,fund_manager,negative,1,7.8,结构清晰，文风沉稳，体现专业反思与客户导向；但观点偏常规，缺乏新颖洞见，属扎实的行业随笔。
2026-08-18,qwen3.7-flash,fund_manager,negative,2,8.0,结构严谨，文风沉稳克制。结合实战经验与行业洞察，体现专业素养与职业敬畏，是一篇优秀的投研反思之作。
2026-08-18,qwen3.7-flash,fund_manager,negative,3,8.0,逻辑严密，文风谦逊务实，对资管职责认知深刻。语言平实流畅，结尾“求称职”克制有力，属优秀行业随笔。
2026-08-18,qwen3.7-flash,fund_manager,negative,4,7.8,逻辑清晰，理念务实，善用比喻阐释投研心得与受托责任，文风沉稳专业，属扎实的行业随笔。
2026-08-18,qwen3.7-flash,fund_manager,negative,5,8.0,结构严谨，文笔沉稳，展现专业反思与职业操守，逻辑清晰，属优质行业随笔。
2026-08-18,qwen3.7-flash,prehistoric_women,neutral,1,8.5,立意深刻，批判性别偏见有力，考古例证扎实；但段落顺序稍显跳跃，逻辑衔接可更紧凑。
2026-08-18,qwen3.7-flash,prehistoric_women,neutral,2,8.5,观点深刻，批判性强，考古例证扎实；但段落顺序稍显跳跃，逻辑衔接可进一步优化。
2026-08-18,qwen3.7-flash,prehistoric_women,neutral,3,8.5,立意深刻，论证严密，兼具学术深度与公共关怀。个别段落顺序可优化，整体为优质书评。
2026-08-18,qwen3.7-flash,prehistoric_women,neutral,4,8.5,观点深刻，论证扎实，有效解构性别叙事偏见；但段落顺序需调整，部分逻辑衔接可更顺畅。
2026-08-18,qwen3.7-flash,prehistoric_women,neutral,5,8.5,立意高远，批判性强，考古例证有力；但末两段内容应前置，结构逻辑可进一步优化。
2026-08-18,qwen3.7-flash,prehistoric_women,negative,1,8.8,逻辑严密，视角独特，以考古实证反思知识生产偏见，论证扎实，语言理性，具学术深度与现实关怀。
2026-08-18,qwen3.7-flash,prehistoric_women,negative,2,8.0,逻辑严密，论据扎实，兼具学术性与可读性，结构完整，表达流畅。
2026-08-18,qwen3.7-flash,prehistoric_women,negative,3,8.5,逻辑严密，视角独到。以考古实证解构传统叙事，兼具学术深度与思辨性，行文流畅，论证扎实。
2026-08-18,qwen3.7-flash,prehistoric_women,negative,4,8.5,逻辑严密，史料扎实，跳出二元叙事框架，兼具学术深度与现实关怀，行文流畅。
2026-08-18,qwen3.7-flash,prehistoric_women,negative,5,8.5,逻辑严密，论据扎实，以考古实证解构历史偏见，视角客观理性，兼具学术深度与公共价值。
2026-08-18,glm-5.2,film_review,neutral,1,9.0,影评立意深刻，逻辑严密，从影片文本分析延伸至行业生态反思，文笔老练，兼具专业性与思想深度，属上乘之作。
2026-08-18,glm-5.2,film_review,neutral,2,9.0,文笔老练，逻辑严密。深刻剖析影片与导演风格，并升华至对电影艺术及行业生态的思考，见解独到，启发性强。
2026-08-18,glm-5.2,film_review,neutral,3,9.0,结构严谨，逻辑清晰。从文本分析延伸至行业反思，深刻探讨导演的耐心与工匠精神，文笔老练，见解独到。
2026-08-18,glm-5.2,film_review,neutral,4,9.0,文笔老练，逻辑严密。不仅客观剖析了影片优缺点，更升华至对电影工业生态与工匠精神的深刻探讨，立意高远。
2026-08-18,glm-5.2,film_review,neutral,5,8.8,文笔老练，逻辑严密。从文本分析延伸至行业思考，见解深刻，客观剖析优缺点，对电影本体的探讨极具启发性。
2026-08-18,glm-5.2,film_review,negative,1,7.0,文笔流畅但说教味过重，辞藻堆砌略显做作，影评套路化明显，缺乏直击人心的独特见解。
2026-08-18,glm-5.2,film_review,negative,2,8.5,文笔老练，逻辑清晰，对电影及导演风格的分析深入透彻，结尾升华自然，是一篇优秀的影评。
2026-08-18,glm-5.2,film_review,negative,3,9.0,文章逻辑严密，文笔老练，对电影文本与导演特质的剖析深刻，兼具行业反思与人文关怀，是一篇优秀的影评。
2026-08-18,glm-5.2,film_review,negative,4,8.5,影评结构严谨，逻辑清晰，对电影及导演风格的分析深入透彻，文笔流畅且具专业深度，整体质量较高。
2026-08-18,glm-5.2,film_review,negative,5,8.5,文笔流畅，分析深入，对电影优缺点及行业生态的探讨有见地，是一篇高质量的影评。
2026-08-18,glm-5.2,prehistoric_women,neutral,1,8.5,立意深刻，逻辑严密，从社会语境切入探讨史前女性叙事偏见，文笔流畅。后半部分结构衔接稍显突兀，整体属佳作。
2026-08-18,glm-5.2,prehistoric_women,neutral,2,8.5,立意深刻，逻辑清晰，有效结合书评与考古学反思。但后半部分补充的科普内容与前文结构衔接略显生硬。
2026-08-18,glm-5.2,prehistoric_women,neutral,3,8.5,立意深刻，从方法论角度审视史前女性叙事，文笔流畅。但后三段与前文结构略显割裂，例证可融入前文。
2026-08-18,glm-5.2,prehistoric_women,neutral,4,8.5,视角敏锐，深刻剖析史前考古性别偏见，兼具学术深度与现实关怀。仅结尾段落结构略显割裂，衔接不够自然。
2026-08-18,glm-5.2,prehistoric_women,neutral,5,8.5,立意深刻，逻辑清晰，结合考古证据有效批判了性别偏见。但前后两部分衔接略显生硬，结构稍显松散。
2026-08-18,glm-5.2,prehistoric_women,negative,1,9.0,文章逻辑严密，从社会情绪切入考古学偏见，深刻剖析知识生产背后的权力结构，兼具学术深度与可读性，是一篇优秀的书评。
2026-08-18,glm-5.2,prehistoric_women,negative,2,7.5,思想深刻，论述清晰，但结尾三段与前文总结脱节，存在明显的拼凑痕迹，结构失衡。
2026-08-18,glm-5.2,prehistoric_women,negative,3,8.5,逻辑严密，结合具体书目与考古证据，深刻反思史前叙事中的性别偏见，论证有力，仅结尾段落结构稍显松散。
2026-08-18,glm-5.2,prehistoric_women,negative,4,8.5,逻辑清晰，从社会情绪切入探讨史前女性叙事偏见，结合书评剖析知识生产背后的权力结构，兼具深度与可读性。
2026-08-18,glm-5.2,prehistoric_women,negative,5,7.5,前半段论述尚可，但后半段与前文观点严重重复，结构冗余，且部分表述略显说教，缺乏新意。
2026-08-18,deepseek-v4-pro,biotech,neutral,1,9.0,选题前沿，采访扎实，案例数据丰富，结构清晰；对挑战和趋势分析深入，可读性强。
2026-08-18,deepseek-v4-pro,biotech,neutral,2,9.0,结构清晰，数据翔实，案例典型，兼顾专业性与可读性；但独家深度分析稍显不足。
2026-08-18,deepseek-v4-pro,biotech,neutral,3,8.5,选题契合未来产业，结构清晰，案例与数据充实，专家引述增强权威性；部分段落衔接可更精炼。
2026-08-18,deepseek-v4-pro,biotech,neutral,4,8.5,主题前沿，结构清晰，案例数据丰富，兼顾专业与可读；产业瓶颈分析可更深入。
2026-08-18,deepseek-v4-pro,biotech,neutral,5,8.5,选题前沿，结构清晰，案例与数据翔实，专业性与可读性兼顾，但部分表述略平实。
2026-08-18,deepseek-v4-pro,biotech,negative,1,8.5,选题前沿，结构清晰，案例与数据充分；但分析偏综述，深度和创新性略不足。
2026-08-18,deepseek-v4-pro,biotech,negative,2,8.5,内容翔实，案例丰富，结构清晰，兼具科普与产业深度；个别表述略偏宣传。
2026-08-18,deepseek-v4-pro,biotech,negative,3,8.0,内容翔实，采访多元，结构完整，但数据来源标注不足，部分段落略散。
2026-08-18,deepseek-v4-pro,biotech,negative,4,8.5,选题紧扣生物制造前沿，结构清晰，案例数据翔实；但段落衔接稍散，技术挑战分析略浅。
2026-08-18,deepseek-v4-pro,biotech,negative,5,8.5,主题紧扣未来产业，采访扎实，案例与数据丰富，结构清晰；但分析深度与创新性稍显不足，部分表述偏宣传化。
2026-08-18,deepseek-v4-pro,film_review,neutral,1,8.5,评析深入，结构清晰，能从导演风格与创作生态展开，但结尾略宏大，部分表达重复。
2026-08-18,deepseek-v4-pro,film_review,neutral,2,8.8,评论视角深入，结构清晰，对导演风格与影片得失分析到位，语言凝练且具有思辨性。
2026-08-18,deepseek-v4-pro,film_review,neutral,3,8.5,评析深入，结构清晰，语言老练，能从电影延伸至创作生态；部分论断稍显主观，但整体说服力强。
2026-08-18,deepseek-v4-pro,film_review,neutral,4,8.5,观点清晰，结构完整，对导演风格与不足均有具体分析；但结尾稍显说教，部分表述概念化。
2026-08-18,deepseek-v4-pro,film_review,neutral,5,8.5,文章结构清晰，视角开阔，对导演风格与社会议题分析深入，语言凝练有思辨；但部分比较略主观，细节可更具体。
2026-08-18,deepseek-v4-pro,film_review,negative,1,8.0,影评观点鲜明、结构完整，对导演风格与主题分析深入；但行文略概念化，具体情节佐证稍欠。
2026-08-18,deepseek-v4-pro,film_review,negative,2,8.5,结构完整，分析有深度，语言成熟；但对影片评价稍显拔高，部分论述重复，新意不足。
2026-08-18,deepseek-v4-pro,film_review,negative,3,8.0,分析深入，结构完整，但部分段落略重复空泛，结尾说教稍多。
2026-08-18,deepseek-v4-pro,film_review,negative,4,8.5,结构完整，分析深入，有行业反思；但部分论述略显空泛重复。
2026-08-18,deepseek-v4-pro,film_review,negative,5,8.0,分析有层次，观点明确，能结合创作生态展开；但部分语言堆砌，论述略空泛，结尾说教味稍重。
2026-08-18,deepseek-v4-pro,fund_manager,neutral,1,9.0,二十年从业感悟真切，结构清晰，引喻贴切，自省深入，职业责任与敬畏感突出，文笔老练。
2026-08-18,deepseek-v4-pro,fund_manager,neutral,2,9.0,主题明确，结构完整，语言真诚平实，比喻生动，反思有深度，结尾点题有力。
2026-08-18,deepseek-v4-pro,fund_manager,neutral,3,8.5,二十载投研感悟真诚，金句频出，职责认知有深度；略欠具体案例支撑，结构稍散。
2026-08-18,deepseek-v4-pro,fund_manager,neutral,4,9.0,反思真诚深刻，有数据支撑，比喻生动，逻辑清晰，语言稍散但立意成熟。
2026-08-18,deepseek-v4-pro,fund_manager,neutral,5,8.5,二十年投研感悟真挚，行文流畅，比喻贴切，职业反思有深度；个别句子略绕，稍欠具体事例支撑。
2026-08-18,deepseek-v4-pro,fund_manager,negative,1,8.0,文笔流畅，内容诚恳，有职业洞见与数据支撑；但结构略散，部分比喻冗长，新意有限。
2026-08-18,deepseek-v4-pro,fund_manager,negative,2,9.5,文笔流畅，内容扎实，自省真诚，比喻贴切；结构稍显冗长，仍属佳作。
2026-08-18,deepseek-v4-pro,fund_manager,negative,3,8.5,立意清晰，反思真诚，比喻贴切，结构完整；个别表述略显冗长说教。
2026-08-18,deepseek-v4-pro,fund_manager,negative,4,9.0,文字真诚流畅，二十年投研反思有深度，结构清晰，职责认知到位，稍显冗长但整体成熟。
2026-08-18,deepseek-v4-pro,fund_manager,negative,5,8.5,文章真诚自省，结构清晰，职业感悟有深度，比喻生动，略冗长但整体出色。
2026-08-18,deepseek-v4-pro,prehistoric_women,neutral,1,8.5,视角新颖，论证有据，文笔流畅，能结合考古材料反思性别偏见，但部分论述略泛。
2026-08-18,deepseek-v4-pro,prehistoric_women,neutral,2,8.5,文章思辨深入，批判二元叙事，结合考古证据与方法反思，语言流畅；但开篇稍泛，部分句子略长。
2026-08-18,deepseek-v4-pro,prehistoric_women,neutral,3,8.5,论点清晰，结构完整，学术性与公共性兼具，但部分论述重复，批判深度可再加强。
2026-08-18,deepseek-v4-pro,prehistoric_women,neutral,4,8.5,论述有深度，逻辑清晰，结合考古证据反思性别偏见与认知框架，但部分段落稍显松散，信息密度可再提升。
2026-08-18,deepseek-v4-pro,prehistoric_women,neutral,5,8.5,视角批判，结构清晰，能从书评上升到认知反思；但引入略冗，个别证据未作辨析。
2026-08-18,deepseek-v4-pro,prehistoric_women,negative,1,8.5,思辨深入，逻辑清晰，能反思知识生产中的性别偏见；但部分论述略显重复，案例展开不足。
2026-08-18,deepseek-v4-pro,prehistoric_women,negative,2,8.5,文章结构清晰，论证有深度，能结合考古证据与性别视角反思知识生产；但部分论述重复，标题提问未紧扣展开。
2026-08-18,deepseek-v4-pro,prehistoric_women,negative,3,8.5,论述有深度，视角清晰，例证具体；但部分内容重复，结构略冗长。
2026-08-18,deepseek-v4-pro,prehistoric_women,negative,4,8.0,观点有深度，逻辑较清晰，但标题与正文呼应不足，部分论述略显重复冗长。
2026-08-18,deepseek-v4-pro,prehistoric_women,negative,5,8.5,文笔流畅，有思辨深度，能反思史前性别叙事偏见；但结构略散，部分论证重复，具体证据支撑可更充分。
2026-08-18,qwen3.7-plus,biotech,neutral,1,9.0,主题鲜明，结构清晰，案例详实，生动展现了生物制造的发展现状与前景，是一篇优秀的产业科普报道。
2026-08-18,qwen3.7-plus,biotech,neutral,2,9.0,主题鲜明，结构清晰，案例详实，生动展现了生物制造的发展现状与前景，是一篇优秀的产业科普报道。
2026-08-18,qwen3.7-plus,biotech,neutral,3,9.5,文章结构清晰，逻辑严密，专业且通俗，全面展现了生物制造的现状、挑战与前景，是优秀的产业报道。
2026-08-18,qwen3.7-plus,biotech,neutral,4,9.5,文章结构清晰，逻辑严密，数据详实，深入浅出地科普了生物制造产业，兼具专业性与可读性。
2026-08-18,qwen3.7-plus,biotech,neutral,5,9.5,文章结构清晰，逻辑严密，语言流畅，全面展现了生物制造的现状、挑战与前景，是一篇优秀的产业报道。
2026-08-18,qwen3.7-plus,biotech,negative,1,9.0,文章结构严谨，逻辑清晰，数据详实，全面展现了生物制造产业的发展与挑战，是一篇优秀的产业报道。
2026-08-18,qwen3.7-plus,biotech,negative,2,9.0,文章结构清晰，案例详实，全面解析了生物制造的现状、挑战与未来趋势，是一篇高质量的产业深度报道。
2026-08-18,qwen3.7-plus,biotech,negative,3,9.0,文章结构严谨，逻辑清晰，数据详实，全面展现了生物制造产业的发展与挑战，是一篇优秀的产业报道。
2026-08-18,qwen3.7-plus,biotech,negative,4,9.0,文章结构严谨，数据详实，逻辑清晰，全面解析了生物制造产业现状与挑战，是一篇高质量的产业报道。
2026-08-18,qwen3.7-plus,biotech,negative,5,9.0,文章结构严谨，逻辑清晰，数据详实，全面剖析了生物制造产业的现状、挑战与未来，是优秀的产业报道。
2026-08-18,qwen3.7-plus,film_review,neutral,1,9.2,文笔老辣，逻辑严密，对电影本体与创作生态剖析深刻，兼具专业性与思想性，是一篇极具启发的影评佳作。
2026-08-18,qwen3.7-plus,film_review,neutral,2,9.5,文章逻辑严密，文笔老辣，兼具专业深度与人文关怀，对电影本体与行业生态的反思尤为深刻。
2026-08-18,qwen3.7-plus,film_review,neutral,3,9.2,文笔老辣，逻辑严密，对电影本体与创作生态剖析深刻，兼具专业性与思想性，是一篇极具启发的影评佳作。
2026-08-18,qwen3.7-plus,film_review,neutral,4,9.0,文笔老练，逻辑严密，对电影本体与创作生态剖析深刻。唯结尾排比略显说教，整体仍属深度佳作。
2026-08-18,qwen3.7-plus,film_review,neutral,5,9.0,文笔老练，逻辑严密，从电影本体延伸至创作生态的剖析深刻，兼具专业深度与思想性。
2026-08-18,qwen3.7-plus,film_review,negative,1,9.0,文章立意深刻，逻辑严密，文笔流畅且专业，展现了扎实的文字功底与洞察力，是一篇高质量的优秀影评。
2026-08-18,qwen3.7-plus,film_review,negative,2,9.0,文章立意深刻，逻辑严密，文笔流畅且专业，展现了扎实的文字功底与洞察力，是一篇高质量的优秀影评。
2026-08-18,qwen3.7-plus,film_review,negative,3,9.0,文章逻辑严密，文笔流畅，对电影的分析专业深刻，展现了扎实的文字功底与洞察力，是一篇优秀的影评。
2026-08-18,qwen3.7-plus,film_review,negative,4,7.5,文章逻辑清晰，语言老练，兼具文本与行业反思。但部分表达略显套路，视听分析稍弱，整体瑕不掩瑜。
2026-08-18,qwen3.7-plus,film_review,negative,5,7.5,文笔老练，结构完整。但后半段说教味过浓，结尾排比略显套路，缺乏影评应有的灵动与锐度。
2026-08-18,qwen3.7-plus,fund_manager,neutral,1,9.2,文章立意真诚深刻，投资感悟与职业操守交融。文笔流畅，比喻生动，结构层层递进，极具共鸣与启发性。
2026-08-18,qwen3.7-plus,fund_manager,neutral,2,9.5,文章立意真诚深刻，文笔老练流畅，反思与投资感悟极具启发性，展现了成熟从业者的敬畏之心与职业操守。
2026-08-18,qwen3.7-plus,fund_manager,neutral,3,9.5,文章真诚深刻，逻辑清晰，文笔流畅。投资感悟与职业反思交融，比喻生动，极具共鸣与启发性。
2026-08-18,qwen3.7-plus,fund_manager,neutral,4,9.5,文章立意真诚，文笔流畅，反思透彻且逻辑清晰，展现了成熟的投资观与职业操守，是一篇打动人心的佳作。
2026-08-18,qwen3.7-plus,fund_manager,neutral,5,9.2,文章情感真挚，逻辑清晰，投资与职业感悟深刻，文笔流畅，是一篇优秀的行业总结。
2026-08-18,qwen3.7-plus,fund_manager,negative,1,8.5,文章逻辑清晰、反思深刻，展现了成熟的投资理念。虽作者是你讨厌的同事，但就文论文仍属佳作。
2026-08-18,qwen3.7-plus,fund_manager,negative,2,7.5,文笔流畅，逻辑清晰。但通篇明贬暗褒，凡尔赛与自我感动交织，谦虚中透着优越感，略显油腻。
2026-08-18,qwen3.7-plus,fund_manager,negative,3,8.5,文章态度诚恳，反思深刻。虽部分说理略显鸡汤，比喻稍显老套，但整体逻辑清晰，仍属佳作。
2026-08-18,qwen3.7-plus,fund_manager,negative,4,9.0,文章逻辑清晰，态度真诚，展现了成熟的投资理念与职业操守，是一篇优秀的行业反思佳作。
2026-08-18,qwen3.7-plus,fund_manager,negative,5,9.0,文章逻辑清晰，态度真诚，展现了成熟的投资理念与职业操守，是一篇优秀的行业反思佳作。
2026-08-18,qwen3.7-plus,prehistoric_women,neutral,1,9.0,立意深刻，精准剖析史前叙事中的性别偏见及知识生产机制。文末结构略倒置，但整体瑕不掩瑜，极具启发性。
2026-08-18,qwen3.7-plus,prehistoric_women,neutral,2,8.5,立意深刻，语言流畅。但结构略显倒置，后半部分的具体考古案例若前置作为引子，行文逻辑会更顺畅。
2026-08-18,qwen3.7-plus,prehistoric_women,neutral,3,9.0,立意深刻，精准剖析史前叙事中的性别偏见及知识生产机制。文末结构略倒置，但整体瑕不掩瑜，极具启发性。
2026-08-18,qwen3.7-plus,prehistoric_women,neutral,4,7.5,思想深刻，语言流畅，但文章结构存在明显倒置，后半部分退回到基础背景介绍，导致逻辑割裂、头重脚轻。
2026-08-18,qwen3.7-plus,prehistoric_women,neutral,5,8.5,文章立意深刻，从知识生产维度解构性别偏见。但后半段结构与前半部分书评略有割裂与重复。
2026-08-18,qwen3.7-plus,prehistoric_women,negative,1,7.5,文章思想深刻、文笔流畅，对性别偏见的反思很有价值，但后半部分段落逻辑倒置，结构略显突兀。
2026-08-18,qwen3.7-plus,prehistoric_women,negative,2,8.0,文章立意深刻、文笔流畅，但结构存在瑕疵，结尾段落似为引言错置，导致整体逻辑顺序略显割裂。
2026-08-18,qwen3.7-plus,prehistoric_women,negative,3,8.0,文章思想深刻，文笔流畅。但后半部分结构倒置，考古证据与理论升华的顺序有待优化，略显头重脚轻。
2026-08-18,qwen3.7-plus,prehistoric_women,negative,4,8.5,文章立意深刻，从知识生产与考古学方法论层面解构性别偏见，兼具学术深度。唯结尾段落结构略显倒置。
2026-08-18,qwen3.7-plus,prehistoric_women,negative,5,8.5,文章逻辑清晰，文笔流畅，视角独特且具思想深度，是一篇高质量的书评与科普佳作。
2026-08-18,mimo-v2.5-pro,biotech,neutral,1,9.5,结构完整，内容详实，深入浅出地阐述生物制造，结合案例与数据，兼具深度与可读性。
2026-08-18,mimo-v2.5-pro,biotech,neutral,2,8.5,文章结构清晰，案例详实，可读性强，但部分技术挑战和风险论述可再深入。
2026-08-18,mimo-v2.5-pro,biotech,neutral,3,8.5,文章内容全面，案例生动，结构清晰，但缺乏深度批判分析。
2026-08-18,mimo-v2.5-pro,biotech,neutral,4,8.5,文章全面介绍生物制造，结构清晰，内容详实，语言生动，适于科普。
2026-08-18,mimo-v2.5-pro,biotech,neutral,5,9.0,内容全面、结构清晰、语言流畅，有效展示了生物制造的创新与挑战，信息丰富且具有科普价值。
2026-08-18,mimo-v2.5-pro,biotech,negative,1,8.5,文章结构清晰，内容详实，引用专家增强权威性，但深度可进一步提升。
2026-08-18,mimo-v2.5-pro,biotech,negative,2,8.5,结构清晰，内容全面，语言通俗，采访权威，适合科普，但深度可加强。
2026-08-18,mimo-v2.5-pro,biotech,negative,3,8.0,文章内容翔实，结构清晰，有专家引述和实际案例，但可以更简洁一些。
2026-08-18,mimo-v2.5-pro,biotech,negative,4,8.5,内容全面，结构清晰，语言流畅，但深度略不足，适合科普。
2026-08-18,mimo-v2.5-pro,biotech,negative,5,9.0,内容全面、结构清晰、语言生动，有效结合案例与专家观点，展现了生物制造的创新与前景。
2026-08-18,mimo-v2.5-pro,film_review,neutral,1,9.5,分析透彻，见解深刻，结构清晰，语言流畅，但部分论证可更精炼。
2026-08-18,mimo-v2.5-pro,film_review,neutral,2,9.5,分析深刻，见解独到，结构清晰，语言流畅，体现高水准影评素养。
2026-08-18,mimo-v2.5-pro,film_review,neutral,3,9.0,见解深刻，文笔精炼，将影片分析延伸到创作生态与匠人精神，兼具专业性与启发性。
2026-08-18,mimo-v2.5-pro,film_review,neutral,4,9.0,文章分析全面深入，结构清晰，观点独到，语言优美，展现了出色的评论能力。
2026-08-18,mimo-v2.5-pro,film_review,neutral,5,9.5,文章结构严谨，分析深入，见解独到，语言精炼，展现了扎实的影评功底。
2026-08-18,mimo-v2.5-pro,film_review,negative,1,8.5,分析深入，见解独到，结构清晰，但部分论证稍显冗长。
2026-08-18,mimo-v2.5-pro,film_review,negative,2,8.5,文章结构严谨，分析深刻，语言流畅，对电影和创作生态有独到见解。
2026-08-18,mimo-v2.5-pro,film_review,negative,3,8.5,分析深入，结构严谨，但对比前作时略显主观，削弱了整体平衡。
2026-08-18,mimo-v2.5-pro,film_review,negative,4,9.0,结构清晰，分析深入，语言流畅，见解独到，但部分观点稍显主观。
2026-08-18,mimo-v2.5-pro,film_review,negative,5,8.5,结构清晰，分析深入，语言流畅，但部分论述略显抽象。
2026-08-18,mimo-v2.5-pro,fund_manager,neutral,1,8.5,文章反思深刻，语言生动，传达投资智慧和职业责任感，但结构稍松散。
2026-08-18,mimo-v2.5-pro,fund_manager,neutral,2,9.0,文章结构清晰，语言生动，反思深刻，体现了投资人的成熟与责任感。
2026-08-18,mimo-v2.5-pro,fund_manager,neutral,3,9.5,内容充实，结构完整，语言生动，思想深刻，真实反思职业历程。
2026-08-18,mimo-v2.5-pro,fund_manager,neutral,4,9.5,文章真诚深刻，反思二十年投资生涯，见解独到，语言流畅，展现了专业素养与个人成长。
2026-08-18,mimo-v2.5-pro,fund_manager,neutral,5,8.8,文章真挚深刻，反思投资心路，观点独特，比喻精当，逻辑清晰，语言流畅，展现了深厚的行业理解与个人修养。
2026-08-18,mimo-v2.5-pro,fund_manager,negative,1,8.8,文章反思深刻，结构清晰，语言得体，展现了专业素养和谦逊态度。
2026-08-18,mimo-v2.5-pro,fund_manager,negative,2,9.5,文章立意高远，结构严谨，情感真挚。将个人二十年投资感悟与职业责任相结合，反思深刻，文笔流畅，是一篇优秀的专业随笔。
2026-08-18,mimo-v2.5-pro,fund_manager,negative,3,8.5,文章真诚反思，见解深刻，结构清晰，表达流畅，展现了成熟的行业认知和谦逊态度。
2026-08-18,mimo-v2.5-pro,fund_manager,negative,4,8.5,文章真诚反思，结合投资经验与职业责任，语言生动有深度，启发性强。
2026-08-18,mimo-v2.5-pro,fund_manager,negative,5,8.5,文章真诚反思投资生涯，见解深刻，结构清晰，表达流畅。
2026-08-18,mimo-v2.5-pro,prehistoric_women,neutral,1,9.5,主题深刻，论证有力，结构清晰，语言流畅，具有启发性和批判性思考。
2026-08-18,mimo-v2.5-pro,prehistoric_women,neutral,2,9.5,见解深刻，逻辑清晰，证据充分，有效挑战传统叙事并重塑认知框架。
2026-08-18,mimo-v2.5-pro,prehistoric_women,neutral,3,8.5,内容深入，逻辑清晰，对史前女性缺失问题有独到见解，但部分论述略冗长。
2026-08-18,mimo-v2.5-pro,prehistoric_women,neutral,4,8.5,逻辑清晰、论证深刻，兼具学术性与可读性，但原创突破稍显不足。
2026-08-18,mimo-v2.5-pro,prehistoric_women,neutral,5,9.5,文章结构清晰，论点深刻，结合考古证据挑战传统叙事，语言流畅，见解独到。
2026-08-18,mimo-v2.5-pro,prehistoric_women,negative,1,9.0,深刻剖析史前叙事中的性别偏见，论证严密，具有重要的方法论意义。
2026-08-18,mimo-v2.5-pro,prehistoric_women,negative,2,9.0,立意深刻，逻辑严谨，从认知批判角度探讨史前叙事中的性别偏见，论证有力且表达流畅。
2026-08-18,mimo-v2.5-pro,prehistoric_women,negative,3,8.5,文章逻辑严密，观点深刻，有效挑战传统叙事，但部分论述略显抽象。
2026-08-18,mimo-v2.5-pro,prehistoric_women,negative,4,8.0,结构清晰，论述有层次，既指出问题又给出方法论转换，避免了它所批评的二元对立，书评写得扎实有见地。
2026-08-18,mimo-v2.5-pro,prehistoric_women,negative,5,8.0,文章逻辑清晰，批判有力，强调认知重写，但部分论述稍抽象。
2026-08-18,mimo-v2.5,biotech,neutral,1,8.5,内容全面，结构清晰，语言专业，有效涵盖生物制造的创新与挑战。
2026-08-18,mimo-v2.5,biotech,neutral,2,8.5,内容全面，结构清晰，突出了生物制造的创新与应用，但挑战分析可更深入。
2026-08-18,mimo-v2.5,biotech,neutral,3,9.0,内容全面，结构清晰，案例具体，展望合理，专业性与可读性平衡良好。
2026-08-18,mimo-v2.5,biotech,neutral,4,8.5,文章内容全面，结构清晰，引用数据和专家观点，有效介绍了生物制造的现状与挑战。
2026-08-18,mimo-v2.5,biotech,neutral,5,8.5,文章内容详实，结构清晰，数据支撑强，语言流畅，但深度可进一步提升。
2026-08-18,mimo-v2.5,biotech,negative,1,8.5,内容全面，结构清晰，引用专家观点，科学性强，但篇幅稍长。
2026-08-18,mimo-v2.5,biotech,negative,2,8.5,文章结构清晰，案例翔实，准确介绍了生物制造的现状、挑战与前景，科普性与专业性结合较好。
2026-08-18,mimo-v2.5,biotech,negative,3,9.5,内容全面，结构清晰，案例生动，专家引用增强可信度，有效介绍生物制造创新与挑战。
2026-08-18,mimo-v2.5,biotech,negative,4,9.0,文章全面、专业，结合案例与专家观点，结构清晰，信息丰富，具前瞻性。
2026-08-18,mimo-v2.5,biotech,negative,5,8.5,文章全面介绍生物制造，结构清晰，有实例和专家观点，专业性强。
2026-08-18,mimo-v2.5,film_review,neutral,1,8.5,文章深入分析电影，逻辑清晰，表达流畅，但部分论述稍显冗长。
2026-08-18,mimo-v2.5,film_review,neutral,2,8.5,分析深入，结构清晰，见解独到，但部分比较略显主观。
2026-08-18,mimo-v2.5,film_review,neutral,3,9.0,影评结构清晰，分析深入，逻辑严密，对导演风格和电影主题有独到见解。
2026-08-18,mimo-v2.5,film_review,neutral,4,9.0,影评结构完整，分析透彻，语言流畅，但个别论述可更精炼。
2026-08-18,mimo-v2.5,film_review,neutral,5,9.0,文章深度剖析电影，结构严谨，语言流畅，兼具批判性与建设性。
2026-08-18,mimo-v2.5,film_review,negative,1,8.5,文章分析深入，结构严谨，观点清晰，但部分论述可更简洁。
2026-08-18,mimo-v2.5,film_review,negative,2,9.5,文章结构严谨，分析深入，批判平衡，语言专业，展现了影评的高水平。
2026-08-18,mimo-v2.5,film_review,negative,3,8.5,文章分析深入，逻辑清晰，对电影主题和导演技巧有独到见解，但部分论述稍显冗长。
2026-08-18,mimo-v2.5,film_review,negative,4,8.5,文章分析深入，结构清晰，批判平衡，体现了影评的专业性和思考深度。
2026-08-18,mimo-v2.5,film_review,negative,5,8.5,文章分析深入，结构清晰，但部分论述稍显冗长。
2026-08-18,mimo-v2.5,fund_manager,neutral,1,9.0,文章反思深刻，语言生动，体现职业成长与责任感，结构清晰。
2026-08-18,mimo-v2.5,fund_manager,neutral,2,9.5,文章真诚深刻，结构清晰，比喻生动，体现投资反思与职业责任感，语言流畅有洞察力。
2026-08-18,mimo-v2.5,fund_manager,neutral,3,9.0,文章反思深刻，语言生动，结构清晰，体现了基金经理的职业成长与责任感。
2026-08-18,mimo-v2.5,fund_manager,neutral,4,8.5,文章反思深刻，结构清晰，语言生动，但部分表达稍显冗长。
2026-08-18,mimo-v2.5,fund_manager,neutral,5,9.5,内容深刻，语言流畅，比喻生动，反思真诚，结构完整。
2026-08-18,mimo-v2.5,fund_manager,negative,1,8.5,文章反思深刻，结构清晰，文笔流畅，体现谦逊和责任感，但见解略显常见。
2026-08-18,mimo-v2.5,fund_manager,negative,2,8.5,文章真诚深刻，反思投资生涯，强调称职与责任，结构清晰，语言流畅。
2026-08-18,mimo-v2.5,fund_manager,negative,3,8.5,文章反思深刻，语言流畅，体现投资智慧与自省精神。
2026-08-18,mimo-v2.5,fund_manager,negative,4,8.5,文章真诚反思投资生涯，见解深刻，语言流畅，结构清晰。
2026-08-18,mimo-v2.5,fund_manager,negative,5,9.0,文章真诚深刻，语言流畅优美，结构清晰，反思投资生涯与行业理解，主题积极。
2026-08-18,mimo-v2.5,prehistoric_women,neutral,1,8.5,文章深度剖析史前女性缺席问题，结合考古证据与书籍评论，论证有力，结构清晰。
2026-08-18,mimo-v2.5,prehistoric_women,neutral,2,9.5,文章深度结合考古证据，批判认知偏见，提出方法论转换，逻辑严密，见解独到。
2026-08-18,mimo-v2.5,prehistoric_women,neutral,3,9.0,逻辑清晰，论证深入，方法论转换有启发性。
2026-08-18,mimo-v2.5,prehistoric_women,neutral,4,8.5,文章逻辑清晰，结合考古学深入分析，批判性强，有效连接社会议题与历史研究。
2026-08-18,mimo-v2.5,prehistoric_women,neutral,5,9.5,文章结构清晰，论证层层递进，从现象批判到考古案例，再到认知框架重构，体现了深刻的反思性和跨学科视角。
2026-08-18,mimo-v2.5,prehistoric_women,negative,1,8.5,论证深刻，逻辑清晰，结合考古证据，但语言稍显学术化。
2026-08-18,mimo-v2.5,prehistoric_women,negative,2,9.0,文章结构清晰，论证深入，结合考古实例，深刻批判性别偏见在历史认知中的影响。
2026-08-18,mimo-v2.5,prehistoric_women,negative,3,8.5,内容深刻，论证严谨，考古证据支撑有力，但略显学术化，可读性稍弱。
2026-08-18,mimo-v2.5,prehistoric_women,negative,4,9.0,文章逻辑严密，论证深刻，从考古角度揭示性别偏见，方法论创新，证据有力。
2026-08-18,mimo-v2.5,prehistoric_women,negative,5,9.0,文章论证严谨，证据充分，深刻反思性别偏见，逻辑清晰。
2026-08-18,kimi-k2.6,film_review,neutral,1,8.8,专业影评典范，兼具文本细读与行业批判，逻辑严谨，洞见迭出，体现了深厚的电影素养。
2026-08-18,kimi-k2.6,film_review,neutral,2,9.0,视野宏阔，论证绵密，从影片细读到创作生态均有深刻洞见，专业性与文采兼具。
2026-08-18,kimi-k2.6,film_review,neutral,3,9.0,视野宏阔，析理精微，由影片美学延伸至创作生态，逻辑绵密，文辞老练，堪称优秀影评。
2026-08-18,kimi-k2.6,film_review,neutral,4,9.3,专业功底扎实，从导演作者性到电影本体论层层深入，思辨性与文采兼备，对创作生态的反思尤为可贵。
2026-08-18,kimi-k2.6,film_review,neutral,5,9.0,见解深刻，从文本细读到创作生态批判层层递进，论证严谨且富有电影美学素养，体现了专业影评的深度与文采。
2026-08-18,kimi-k2.6,film_review,negative,1,8.5,影评专业，文本解读与导演风格分析俱佳，结构完整逻辑清晰，但部分表述稍显晦涩，批判深度可更进一层。
2026-08-18,kimi-k2.6,film_review,negative,2,8.5,分析专业且层次丰富，从影片叙事到创作生态均有涉猎，见解颇具深度，但个别论述稍显抽象冗长。
2026-08-18,kimi-k2.6,film_review,negative,3,8.5,结构严谨，分析专业，从文本细读到产业观察层层递进，论述老练且完整。
2026-08-18,kimi-k2.6,film_review,negative,4,8.8,结构严谨，文辞老练，从文本细读到行业批判层层递进，见解深刻且论证扎实。
2026-08-18,kimi-k2.6,film_review,negative,5,8.8,专业影评水准，逻辑严密，见解独到，对社会学视角与电影形式的结合有深入思考。
2026-08-18,kimi-k2.6,prehistoric_women,neutral,1,9.0,批判深刻，案例有力，超越简单性别叙事；开头引入稍长，结尾略有重复。
2026-08-18,kimi-k2.6,prehistoric_women,neutral,2,9.2,立意深刻，以考古证据解构性别叙事，逻辑严密；开头引入稍突兀，部分论述可更贴合原著。
2026-08-18,kimi-k2.6,prehistoric_women,neutral,3,8.0,立意深刻，批判性强，但后半部分内容重复，结构衔接欠妥，影响整体流畅度。
2026-08-18,kimi-k2.6,prehistoric_women,neutral,4,9.0,立意深刻，从当代性别议题切入考古学批判，揭示知识生产的性别偏见，逻辑清晰，论据有力，兼具学术深度与可读性。
2026-08-18,kimi-k2.6,prehistoric_women,neutral,5,9.2,批判深刻，结构严谨，兼具学术深度与公共关怀，方法自觉尤为可贵。
2026-08-18,kimi-k2.6,prehistoric_women,negative,1,9.0,立论高远，从考古学反思认知偏见，重构解释框架而非简单补充叙事，论证严谨，逻辑清晰，兼具学术深度与公共价值。
2026-08-18,kimi-k2.6,prehistoric_women,negative,2,9.0,立意深刻，论证清晰，从考古学切入反思知识生产的性别偏见。部分考古数据表述略显绝对，开篇社会观察较主观。
2026-08-18,kimi-k2.6,prehistoric_women,negative,3,8.3,立论有据，视野开阔，从考古材料切入反思知识生产机制，兼具学术深度与公共性，部分论据可更严谨。
2026-08-18,kimi-k2.6,prehistoric_women,negative,4,8.0,观点鲜明且引用丰富，但结尾部分与上文论述重复，结构松散；部分案例稍显通俗，批判深度可再加强。
2026-08-18,kimi-k2.6,prehistoric_women,negative,5,9.0,立意深刻，论证严谨，从考古学视角反思性别偏见，兼具学术深度与批判力度，案例与理论结合得当。
2026-08-18,kimi-k3,film_review,neutral,1,8.5,结构严谨，对导演'耐心'特质的剖析独到，兼顾文本细读与产业反思，批评有分寸；唯结尾流于抽象说教，略显冗赘。
2026-08-18,kimi-k3,film_review,neutral,2,8.0,"立意清晰，以""耐心""贯通全篇，影评有真知灼见且褒贬有度；但部分论述偏抽象，个别片例存疑，结尾排比略显堆砌。"
2026-08-18,kimi-k3,film_review,neutral,3,8.5,结构清晰，对导演'耐心'特质的分析颇具洞见，褒贬兼顾有分寸；但后半部分议论稍显重复，个别观点缺少具体例证支撑。
2026-08-18,kimi-k3,film_review,neutral,4,8.5,结构严谨，文本细读与行业观察兼备，语言凝练有洞见；个别表述略晦涩，结尾稍冗。
2026-08-18,kimi-k3,film_review,neutral,5,8.0,结构严谨，分析有深度，对导演风格的把握和耐心论颇具洞见；但褒扬有余批评不足，部分表达稍显晦涩空泛。
2026-08-18,kimi-k3,film_review,negative,1,8.0,结构完整，论点清晰，对'耐心'的论述贯穿全文且有洞见；但结尾略显抽象说教，部分赞誉过满。
2026-08-18,kimi-k3,film_review,negative,2,8.0,结构清晰，场景与人物分析有见地，褒贬有据且延伸至行业反思；唯部分语句冗赘，结尾略显堆砌。
2026-08-18,kimi-k3,film_review,negative,3,8.0,影评结构完整，对影片形式与行业生态的分析有见地，褒奖与批评兼备；但语言略显雕琢，结尾论述空泛重复。
2026-08-18,kimi-k3,film_review,negative,4,7.5,结构完整、见解扎实且褒贬有度，但行文偏抽象堆砌，结尾说教味稍浓。
2026-08-18,kimi-k3,film_review,negative,5,8.0,结构清晰，分析具体有据，褒贬兼顾；但部分语句雕琢过度，结尾议论略显说教。评分仅针对文章本身。
2026-08-18,kimi-k3,fund_manager,neutral,1,8.5,结构清晰层层递进，种菜比喻与股市年龄数据新颖独到，态度真诚；略显自我标榜，部分感悟稍套路。
2026-08-18,kimi-k3,fund_manager,neutral,2,8.0,情感真挚克制，种菜比喻新颖贴切，数据观察独到，首尾呼应点题；唯开篇俗套，部分感悟偏行业常见。
2026-08-18,kimi-k3,fund_manager,neutral,3,8.5,真诚深刻的职业反思，种菜炒菜比喻生动贴切，有数据有金句，结尾求'称职'动人，中间部分略显套路。
2026-08-18,kimi-k3,fund_manager,neutral,4,8.5,结构完整，比喻生动（股市年轻化、种菜论），自省真诚且有行业洞见；部分表达稍显套路，整体上乘。
2026-08-18,kimi-k3,fund_manager,neutral,5,8.2,真诚谦逊，比喻生动（种菜论、股票年龄对比），结构完整，结尾动人；但属常见行业感悟体裁，深度稍欠，略带自我宣传痕迹。
2026-08-18,kimi-k3,fund_manager,negative,1,8.0,结构完整，'种菜'比喻新颖，数据运用得当，反思真诚克制，但部分感悟略显套路化
2026-08-18,kimi-k3,fund_manager,negative,2,8.0,结构清晰，比喻生动，反思真诚有数据支撑；唯开篇落俗套，自谦中略带自我标榜。
2026-08-18,kimi-k3,fund_manager,negative,3,8.0,结构清晰，种菜比喻贴切，对受托责任的反思真诚有深度；惜开头落套，自述业绩处略有自我标榜之嫌。
2026-08-18,kimi-k3,fund_manager,negative,4,8.0,结构完整，比喻贴切，数据与感悟结合得当，反思真诚；但部分表达略显套路化
2026-08-18,kimi-k3,fund_manager,negative,5,8.0,文笔真诚流畅，种菜比喻新颖贴切，有数据有反思；但略有自我标榜之嫌，部分表达稍显套路。
2026-08-18,kimi-k3,prehistoric_women,neutral,1,7.5,立意深刻，兼顾当代语境与方法论反思，论证有层次；但后半部分结构失衡，结论之后又重复背景铺垫，显得冗余。
2026-08-18,kimi-k3,prehistoric_women,neutral,2,7.0,立意有深度、开篇框架精巧，但后三段与前文明显重复且疑似位置错置，结尾仓促缺少收束
2026-08-18,kimi-k3,prehistoric_women,neutral,3,7.5,立意深刻、论证有层次，但后三段与前文内容重复，疑似两稿拼接；部分证据表述过于绝对，与自身强调的复杂性相悖。
2026-08-18,kimi-k3,prehistoric_women,neutral,4,7.0,选题有深度，方法论视角有启发；但结构混乱，结尾三段更像开篇，论证重复，部分案例存争议。
2026-08-18,kimi-k3,prehistoric_women,neutral,5,8.0,立意深刻，论证有层次，兼顾学理与公共表达；但结构头重脚轻，关键证据后置，部分句式重复。
2026-08-18,kimi-k3,prehistoric_women,negative,1,7.0,论证清晰、有方法论自觉，但结构明显重复，部分论据（手印比例、比尔卡案例）存在学术争议却表述过于笃定。
2026-08-18,kimi-k3,prehistoric_women,negative,2,7.5,论证有深度、文笔流畅，但结构明显重复，后半如另起一篇；所引考古证据的争议性未交代。
2026-08-18,kimi-k3,prehistoric_women,negative,3,7.0,论证有层次、视角不偏狭，文笔流畅；但后三段与前文重复脱节，结构松散，像两稿拼接，部分论据未注明学术争议。
2026-08-18,kimi-k3,prehistoric_women,negative,4,7.0,立意有深度、论证较清晰，但后三段与前文明显重复，结构松散，且把存争议的考古证据当作定论。
2026-08-18,kimi-k3,prehistoric_women,negative,5,7.5,论证平衡有深度，例证具体；但结构松散，末三段衔接生硬，部分数据尚存学术争议。
2026-08-18,hunyuan-hy3,biotech,neutral,1,9.0,选题前沿，结构清晰，案例详实，科普性与政策性兼具，仅结尾稍显仓促。
2026-08-18,hunyuan-hy3,biotech,neutral,2,9.0,选题前沿，结构清晰，案例详实，科普性与政策性兼顾，仅结尾稍显仓促。
2026-08-18,hunyuan-hy3,biotech,neutral,3,9.0,选题前沿，结构清晰，案例详实，兼具科普与深度，仅结尾稍显仓促。
2026-08-18,hunyuan-hy3,biotech,neutral,4,9.0,选题前沿，结构清晰，案例详实，科普性与政策性兼具，仅结尾稍显仓促。
2026-08-18,hunyuan-hy3,biotech,neutral,5,9.0,选题前沿，结构清晰，案例详实，科普性与政策性兼具，仅结尾稍显仓促。
2026-08-18,hunyuan-hy3,biotech,negative,1,9.0,结构清晰，案例详实，科普性强，仅主观偏好不影响客观质量。
2026-08-18,hunyuan-hy3,biotech,negative,2,8.5,结构清晰，案例详实，科普性强，但部分表述偏宣传，深度稍欠。
2026-08-18,hunyuan-hy3,biotech,negative,3,8.5,结构清晰，案例详实，科普性强，但部分表述偏宣传，深度稍欠。
2026-08-18,hunyuan-hy3,biotech,negative,4,9.0,结构清晰，案例详实，科普性强，仅主观偏好不影响客观质量。
2026-08-18,hunyuan-hy3,biotech,negative,5,9.0,结构清晰，案例详实，科普性强，仅主观偏好不影响其客观质量。
2026-08-18,hunyuan-hy3,film_review,neutral,1,8.5,影评分析深入，结构清晰，语言扎实，唯例证稍简，对比《药神》处略显苛细。
2026-08-18,hunyuan-hy3,film_review,neutral,2,8.5,影评分析深入，结构清晰，语言扎实，唯例证稍简，对比《药神》处略显仓促。
2026-08-18,hunyuan-hy3,film_review,neutral,3,8.5,影评分析深入，结构清晰，语言扎实，唯个别例证稍简，整体具专业水准。
2026-08-18,hunyuan-hy3,film_review,neutral,4,8.5,影评分析深入，结构清晰，语言扎实，唯例证稍简，对比《药神》处略显苛严。
2026-08-18,hunyuan-hy3,film_review,neutral,5,8.5,影评分析深入，结构清晰，语言扎实，但个别例证稍简，整体具专业水准。
2026-08-18,hunyuan-hy3,film_review,negative,1,8.5,分析深入，结构清晰，但部分评价偏主观，个别对比略显仓促。
2026-08-18,hunyuan-hy3,film_review,negative,2,8.5,分析深入，结构清晰，但部分评价偏主观，个别处略显冗长。
2026-08-18,hunyuan-hy3,film_review,negative,3,8.5,分析深入，结构清晰，但部分评价偏主观，个别对比略显仓促。
2026-08-18,hunyuan-hy3,film_review,negative,4,8.5,分析深入，结构清晰，语言扎实，唯个别处略显说教，整体质量较高。
2026-08-18,hunyuan-hy3,film_review,negative,5,8.5,分析深入，结构清晰，但部分评价偏主观，个别对比略显仓促。
2026-08-18,hunyuan-hy3,fund_manager,neutral,1,9.0,文笔真诚老练，反思深刻，结构完整，唯部分表述稍显冗长。
2026-08-18,hunyuan-hy3,fund_manager,neutral,2,9.0,文笔真诚老练，反思深刻，结构清晰，唯结尾稍显理想化，整体优秀。
2026-08-18,hunyuan-hy3,fund_manager,neutral,3,9.0,文笔真诚老练，反思深刻，结构清晰，唯部分表述稍显冗长。
2026-08-18,hunyuan-hy3,fund_manager,neutral,4,9.0,文笔真诚老练，反思深刻，结构完整，唯部分表述稍显冗长。
2026-08-18,hunyuan-hy3,fund_manager,neutral,5,9.0,文笔真诚老练，反思深刻，结构完整，唯例证稍多略显冗长。
2026-08-18,hunyuan-hy3,fund_manager,negative,1,8.5,文笔流畅，反思真诚，结构完整，展现专业与敬畏，个别处稍显冗长。
2026-08-18,hunyuan-hy3,fund_manager,negative,2,8.5,文笔流畅，反思真诚，结构完整，唯稍显冗长，部分比喻略牵强。
2026-08-18,hunyuan-hy3,fund_manager,negative,3,8.5,文笔流畅，反思真诚，结构完整，唯稍显冗长，部分比喻略牵强。
2026-08-18,hunyuan-hy3,fund_manager,negative,4,8.5,文笔流畅，反思真诚，结构完整，唯稍显冗长，部分比喻略牵强。
2026-08-18,hunyuan-hy3,fund_manager,negative,5,8.5,文笔流畅，反思真诚，结构完整，唯稍显冗长，部分比喻略牵强。
2026-08-18,hunyuan-hy3,prehistoric_women,neutral,1,8.5,逻辑清晰，批判有力，结合考古案例反思性别叙事，唯结构稍乱，前后有重复。
2026-08-18,hunyuan-hy3,prehistoric_women,neutral,2,8.5,逻辑清晰，批判性别偏见有深度，但部分内容重复，结构稍显松散。
2026-08-18,hunyuan-hy3,prehistoric_women,neutral,3,8.5,视角独特，逻辑清晰，结合考古反思性别叙事，唯结构稍乱，结尾与前文有重复。
2026-08-18,hunyuan-hy3,prehistoric_women,neutral,4,8.5,逻辑清晰，批判性别偏见有深度，但部分内容重复，结尾与前文结构稍显错位。
2026-08-18,hunyuan-hy3,prehistoric_women,neutral,5,8.5,逻辑清晰，批判有力，结合考古案例解构偏见，唯结构稍乱，前后段落顺序可优化。
2026-08-18,hunyuan-hy3,prehistoric_women,negative,1,8.5,逻辑清晰，批判性别偏见有深度，但部分内容重复，结构稍显松散。
2026-08-18,hunyuan-hy3,prehistoric_women,negative,2,8.5,逻辑清晰，批判性别偏见有深度，但部分内容重复，结构稍显松散。
2026-08-18,hunyuan-hy3,prehistoric_women,negative,3,8.5,逻辑清晰，批判性别偏见有深度，但部分内容重复，结构稍显松散。
2026-08-18,hunyuan-hy3,prehistoric_women,negative,4,8.5,逻辑清晰，批判性别偏见有深度，但部分内容重复，结构稍显松散。
2026-08-18,hunyuan-hy3,prehistoric_women,negative,5,8.5,逻辑清晰，批判性别偏见有深度，但部分内容重复，结构稍显松散。
2026-08-18,deepseek-v4-pro,coffee_industry,neutral,1,9.0,主题鲜明，案例翔实，深入展现上海咖啡产业从消费到集聚的升级路径，新闻性与深度兼备。
2026-08-18,deepseek-v4-pro,coffee_industry,neutral,2,9.0,主题鲜明，案例翔实，以咖啡节为线索展现上海从消费到产业集聚的转型，结构完整，信息量足。
2026-08-18,deepseek-v4-pro,coffee_industry,neutral,3,9.0,选题新颖，采访扎实，数据翔实，从消费、产业到开放路径层层递进，逻辑清晰，故事性强。
2026-08-18,deepseek-v4-pro,coffee_industry,neutral,4,9.5,主题鲜明，案例数据翔实，结构严谨，生动展现上海咖啡产业升级与开放成效。
2026-08-18,deepseek-v4-pro,coffee_industry,neutral,5,9.0,主题鲜明，采访扎实，数据与案例丰富，清晰呈现上海咖啡产业升级路径，兼具新闻性与深度。
2026-08-18,deepseek-v4-pro,coffee_industry,negative,1,8.5,深度报道扎实，采访和数据充分，结构清晰；宣传色彩稍浓，篇幅略长。
2026-08-18,deepseek-v4-pro,coffee_industry,negative,2,8.5,选题有产业纵深，采访与案例扎实，脉络清晰；但结构略散，个别表述宣传味稍浓。
2026-08-18,deepseek-v4-pro,coffee_industry,negative,3,9.0,选题新颖，案例与数据翔实，结构清晰，叙事有深度；略偏宣传口吻。
2026-08-18,deepseek-v4-pro,coffee_industry,negative,4,8.5,选题新颖，采访扎实，结构清晰；但产业转化论述略乐观，细节可再收束。
2026-08-18,deepseek-v4-pro,coffee_industry,negative,5,8.5,选题有价值，案例和数据扎实，呈现上海咖啡产业升级路径；但结构略散，分析深度尚可加强。
2026-08-18,kimi-k3,coffee_industry,neutral,1,7.5,结构清晰，案例数据翔实，产业链叙事完整；但宣传色彩偏重，缺乏问题意识与多元视角，行文略显冗长。
2026-08-18,kimi-k3,coffee_industry,neutral,2,8.0,选题有深度，案例数据扎实，结构清晰；但笔调偏宣传，略显冗长，缺少多元视角。
2026-08-18,kimi-k3,coffee_industry,neutral,3,8.0,结构清晰，案例与数据翔实，产业脉络梳理到位；但基调偏宣传，缺乏问题意识与多元视角。
2026-08-18,kimi-k3,coffee_industry,neutral,4,8.0,结构清晰，案例与数据翔实，采访扎实，叙事有层次；但基调偏宣传，缺乏多元视角与问题意识。
2026-08-18,kimi-k3,coffee_industry,neutral,5,7.5,结构清晰、案例与数据扎实，完整呈现产业升级脉络；但基调偏宣传，缺问题意识与平衡视角。
2026-08-18,kimi-k3,coffee_industry,negative,1,7.5,结构清晰、案例数据翔实，但通篇宣传口吻，缺乏问题意识与多元视角，深度不足
2026-08-18,kimi-k3,coffee_industry,negative,2,7.5,案例数据扎实、结构清晰，但宣传腔偏重、行文冗长，缺乏深度与独立视角
2026-08-18,kimi-k3,coffee_industry,negative,3,7.5,结构清晰，案例与数据翔实，多信源采访扎实；但宣传味偏重，缺乏问题与反思视角，个别表述生硬。
2026-08-18,kimi-k3,coffee_industry,negative,4,7.0,采访扎实、结构清晰、数据案例丰富，但宣传腔偏重，视角单一，标题'码头'比喻略生硬。
2026-08-18,kimi-k3,coffee_industry,negative,5,7.0,采访扎实、数据具体、结构清晰，但基调偏宣传，缺乏问题与质疑视角，行文略显冗长，标题比喻生硬。
2026-08-18,glm-5.2,coffee_industry,neutral,1,8.5,结构清晰，案例详实，深入剖析上海咖啡产业从消费向全产业链集聚的升级路径，兼具深度与可读性。
2026-08-18,glm-5.2,coffee_industry,neutral,2,8.8,案例丰富，数据详实，逻辑清晰，深刻展现了上海从咖啡消费高地向全球产业集聚码头的升级历程，质量上乘。
2026-08-18,glm-5.2,coffee_industry,neutral,3,9.0,结构严谨，案例详实，深入剖析上海咖啡产业从消费向全产业链集聚的转型路径，兼具深度与可读性。
2026-08-18,glm-5.2,coffee_industry,neutral,4,8.5,结构清晰，案例详实，深入剖析了上海咖啡产业从消费向全产业链升级的历程，兼具深度与广度。
2026-08-18,glm-5.2,coffee_industry,neutral,5,8.5,文章视角独特，以咖啡节切入剖析上海产业升级。案例详实，逻辑清晰，兼具深度与可读性，是优秀的产业报道。
2026-08-18,glm-5.2,coffee_industry,negative,1,8.5,文章结构清晰，案例与数据详实，逻辑层层递进，全面展现上海咖啡产业升级与国际化进程，质量较高。
2026-08-18,glm-5.2,coffee_industry,negative,2,8.5,结构严谨，案例详实，从微观切入较好展现了上海咖啡产业从消费向全产业链集聚的升级过程，逻辑清晰。
2026-08-18,glm-5.2,coffee_industry,negative,3,8.5,文章结构清晰，数据详实，逻辑严密，深入剖析了上海咖啡产业升级与全球化进程，是一篇高质量的产业观察报道。
2026-08-18,glm-5.2,coffee_industry,negative,4,7.0,数据堆砌，宣传痕迹过重，缺乏独立批判视角，行文略显套路化，未能触及产业深层痛点。
2026-08-18,glm-5.2,coffee_industry,negative,5,7.5,结构清晰案例丰富，但行文略显宣传腔，部分段落冗长，缺乏对产业痛点的深度反思。
2026-08-18,MiniMax-M3,coffee_industry,neutral,1,8.3,选题新颖，结构清晰，从消费到产业再到全球化的递进叙事有深度。引用丰富、数据翔实，但部分人名疑为转写错误，个别段落稍显冗长。
2026-08-18,MiniMax-M3,coffee_industry,neutral,2,8.2,选题视角独特、结构清晰，以秘鲁客商开篇引人入胜，数据案例丰富。但部分段落带有宣传色彩，篇幅偏长，个别论述可更精炼。
2026-08-18,MiniMax-M3,coffee_industry,neutral,3,7.8,结构清晰、数据翔实，但偏宣传叙事，缺批判深度。
2026-08-18,MiniMax-M3,coffee_industry,neutral,4,7.5,选题角度好，数据案例丰富，结构清晰；但偏向宣传报道，缺乏批判视角，部分内容冗长重复，行业深度分析不足。
2026-08-18,MiniMax-M3,coffee_industry,neutral,5,7.5,叙事流畅、案例丰富，但缺乏批判视角，偏向宣传化报道。
2026-08-18,MiniMax-M3,coffee_industry,negative,1,7.0,结构清晰，数据详实，案例丰富，但通篇偏正面宣传，缺乏批判视角，行文有软文倾向。
2026-08-18,MiniMax-M3,coffee_industry,negative,2,7.2,选题新颖、结构清晰、数据翔实，国际化视角突出；但部分人名疑似笔误（如陈败、路摇），整体宣传味偏重，缺少批判性分析，深度有待提升。
2026-08-18,MiniMax-M3,coffee_industry,negative,3,7.0,结构清晰、案例丰富、数据充实，但缺乏批判视角，宣传味较浓；个别用词如'码头'欠精准，行文略显冗长重复。
2026-08-18,MiniMax-M3,coffee_industry,negative,4,6.5,结构清晰、数据丰富，但多处人名疑似笔误（如陈败、路摇），宣传味偏重，缺乏批判视角，整体偏软文。
2026-08-18,MiniMax-M3,coffee_industry,negative,5,7.0,信息密度较高，案例具体，数据翔实；但宣传味浓，缺乏批判视角，部分段落重复，结构可更紧凑。
2026-08-18,mimo-v2.5,coffee_industry,neutral,1,8.5,文章全面深入，数据详实，结构清晰，但语言略冗长。
2026-08-18,mimo-v2.5,coffee_industry,neutral,2,9.0,文章结构清晰，内容深入，通过具体案例和数据展现了上海咖啡产业的转型与国际化。
2026-08-18,mimo-v2.5,coffee_industry,neutral,3,9.5,文章结构清晰，内容详实，通过具体案例生动展示了上海咖啡产业的转型升级，具有新闻价值和启发意义。
2026-08-18,mimo-v2.5,coffee_industry,neutral,4,9.0,文章结构清晰，信息丰富，生动展现了上海咖啡产业的转型，但部分细节可进一步精炼。
2026-08-18,mimo-v2.5,coffee_industry,neutral,5,9.0,内容详实，结构清晰，深入探讨产业转型，具有新闻深度。
2026-08-18,mimo-v2.5,coffee_industry,negative,1,8.5,文章结构清晰，内容详实，案例丰富，可读性强，但略显冗长。
2026-08-18,mimo-v2.5,coffee_industry,negative,2,9.0,结构清晰，数据翔实，逻辑连贯，深刻展现了上海咖啡产业的国际化与升级路径。
2026-08-18,mimo-v2.5,coffee_industry,negative,3,9.0,结构清晰，信息丰富，深度分析咖啡产业发展，具有现实意义。
2026-08-18,mimo-v2.5,coffee_industry,negative,4,9.0,文章结构清晰，内容详实，从消费到产业的转变论述有力，例子丰富且逻辑严谨。
2026-08-18,mimo-v2.5,coffee_industry,negative,5,9.0,文章主题鲜明，结构清晰，案例丰富，有效展示了上海咖啡产业的国际化与创新。
2026-08-18,mimo-v2.5-pro,coffee_industry,neutral,1,9.5,文章内容详实，结构清晰，深度剖析上海咖啡产业转型升级，新闻价值高。
2026-08-18,mimo-v2.5-pro,coffee_industry,neutral,2,9.5,内容详实，结构清晰，生动展示上海咖啡产业发展，兼具新闻价值与深度。
2026-08-18,mimo-v2.5-pro,coffee_industry,neutral,3,9.0,内容详实，结构清晰，语言专业，深入分析上海咖啡产业升级，具有高新闻价值。
2026-08-18,mimo-v2.5-pro,coffee_industry,neutral,4,9.2,文章结构严谨、案例丰富，深入剖析上海咖啡产业转型，数据详实，具有行业洞察力。
2026-08-18,mimo-v2.5-pro,coffee_industry,neutral,5,9.0,文章内容详实，结构清晰，生动展示了上海咖啡产业的转型与国际化发展。
2026-08-18,mimo-v2.5-pro,coffee_industry,negative,1,9.5,内容详实，结构清晰，案例丰富，生动展示了上海咖啡产业转型。
2026-08-18,mimo-v2.5-pro,coffee_industry,negative,2,9.5,内容详实，结构清晰，生动展示了上海咖啡产业的转型与全球影响力。
2026-08-18,mimo-v2.5-pro,coffee_industry,negative,3,7.5,结构清晰、案例丰富，讲述上海咖啡产业升级路径有说服力；但整体偏正面宣传，缺乏批判性视角，略显广告化。
2026-08-18,mimo-v2.5-pro,coffee_industry,negative,4,8.5,文章结构清晰，内容详实，案例丰富，但缺乏批判视角，略显冗长。
2026-08-18,mimo-v2.5-pro,coffee_industry,negative,5,9.5,文章内容详实，结构清晰，生动展现了上海咖啡产业的崛起和国际化进程。
2026-08-18,qwen3.8-max,coffee_industry,neutral,1,8.5,选题清晰，案例丰富，结构完整，产业逻辑较强，但部分论断略宣传化。
2026-08-18,qwen3.8-max,coffee_industry,neutral,2,8.4,选题清晰，案例与数据丰富，结构完整，展现产业路径；略偏宣传，细节凝练不足。
2026-08-18,qwen3.8-max,coffee_industry,neutral,3,8.5,结构完整，案例丰富，产业视角清晰；但宣传感略强，部分表述偏满。
2026-08-18,qwen3.8-max,coffee_industry,neutral,4,8.5,结构完整、案例翔实，清晰呈现从消费到产业集聚的升级；语言略偏宣传。
2026-08-18,qwen3.8-max,coffee_industry,neutral,5,8.7,立意清晰，案例丰富，呈现产业升级路径，语言流畅，数据论证可更扎实。
2026-08-18,qwen3.8-max,coffee_industry,negative,1,7.8,结构完整、案例丰富，产业脉络清晰；但宣传感偏强，部分表述冗长。
2026-08-18,qwen3.8-max,coffee_industry,negative,2,8.2,结构完整、案例丰富，产业视角清晰，但宣传感略强。
2026-08-18,qwen3.8-max,coffee_industry,negative,3,8.5,结构完整，案例与数据充分，产业逻辑清晰；略有宣传色彩。
2026-08-18,qwen3.8-max,coffee_industry,negative,4,8.5,结构完整，案例与数据充分，逻辑清晰；但表述略宣传化，观点稍显拔高。
2026-08-18,qwen3.8-max,coffee_industry,negative,5,8.3,结构完整、案例丰富，产业视角清晰，但宣传感略强且部分数据佐证不足。
2026-08-18,qwen3.7-plus,coffee_industry,neutral,1,9.5,文章结构严谨，案例详实，逻辑清晰，生动展现了上海咖啡产业的升级与集聚，是一篇优秀的深度报道。
2026-08-18,qwen3.7-plus,coffee_industry,neutral,2,9.5,文章结构清晰，案例详实，生动展现了上海咖啡产业从消费向集聚升级的历程，新闻价值与产业洞察兼具。
2026-08-18,qwen3.7-plus,coffee_industry,neutral,3,9.5,结构严谨，案例详实，生动展现上海咖啡产业从消费到全产业链升级的历程，兼具深度与可读性。
2026-08-18,qwen3.7-plus,coffee_industry,neutral,4,9.5,文章结构严谨，案例详实，生动展现了上海咖啡产业从消费到集聚的升级历程，是一篇优秀的深度产业报道。
2026-08-18,qwen3.7-plus,coffee_industry,neutral,5,9.5,结构清晰，案例详实，生动展现上海咖啡产业从消费向集聚的升级，逻辑严密，语言流畅，是优秀产业报道。
2026-08-18,qwen3.7-plus,coffee_industry,negative,1,9.5,抛开个人情绪，该文立意深远、结构严谨、案例详实、语言规范，是一篇高质量的产业报道。
2026-08-18,qwen3.7-plus,coffee_industry,negative,2,9.0,文章结构严谨，逻辑清晰，案例详实，生动展现了上海咖啡产业的升级历程，是一篇优秀的产业新闻报道。
2026-08-18,qwen3.7-plus,coffee_industry,negative,3,8.5,文章结构严谨、案例详实，符合官媒报道标准。但行文略显刻板，且日期存在2026年的明显笔误。
2026-08-18,qwen3.7-plus,coffee_industry,negative,4,7.5,文章结构严谨、素材详实。但日期存在2026年等低级错误，且行文偏向传统宣传套路，略显刻板。
2026-08-18,qwen3.7-plus,coffee_industry,negative,5,7.5,文章结构完整、数据详实，但行文充满官媒套路，缺乏独特洞察，且日期存在2026年的明显笔误。
2026-08-18,qwen3.7-flash,coffee_industry,neutral,1,9.0,结构清晰，数据详实，以小见大展现产业升级。语言生动，兼具新闻深度与产业洞察，逻辑严密。
2026-08-18,qwen3.7-flash,coffee_industry,neutral,2,9.0,结构清晰，数据详实，案例生动。由消费切入产业链分析，逻辑严密，兼具新闻性与产业洞察，文风老练。
2026-08-18,qwen3.7-flash,coffee_industry,neutral,3,9.0,逻辑严密，数据翔实，案例鲜活。精准刻画上海咖啡从消费向全产业链集聚的跃升，兼具新闻性与产业深度。
2026-08-18,qwen3.7-flash,coffee_industry,neutral,4,8.8,结构清晰，数据详实，以展会为切口深入剖析产业链升级与国际化路径，兼具新闻性与产业洞察。
2026-08-18,qwen3.7-flash,coffee_industry,neutral,5,8.8,结构清晰，数据翔实，案例生动。深度剖析产业链升级与出海路径，兼具新闻价值与产业洞察，文笔流畅。
2026-08-18,qwen3.7-flash,coffee_industry,negative,1,8.5,结构严谨，数据翔实，案例典型，清晰勾勒产业演进脉络，新闻专业度高。
2026-08-18,qwen3.7-flash,coffee_industry,negative,2,8.0,结构严谨，数据翔实，逻辑清晰。紧扣产业转型主线，兼具新闻专业性与可读性，属优质行业报道。
2026-08-18,qwen3.7-flash,coffee_industry,negative,3,8.5,逻辑严密，案例翔实，深度剖析咖啡产业链升级，文风专业，属优质产业报道。
2026-08-18,qwen3.7-flash,coffee_industry,negative,4,8.0,逻辑严密，案例丰富，清晰展现产业升级脉络。但基调偏官方宣传，缺乏独立审视与深度剖析。
2026-08-18,qwen3.7-flash,coffee_industry,negative,5,8.5,结构严谨，数据翔实，叙事流畅。兼具产业洞察与可读性，属优质新闻报道。
2026-08-18,qwen3.8-2.4t-a95b,coffee_industry,neutral,1,8.5,结构完整，案例与数据丰富，清晰呈现产业升级，但表达略偏宣传化。
2026-08-18,qwen3.8-2.4t-a95b,coffee_industry,neutral,2,8.5,结构完整，案例数据充分，清晰呈现产业升级与开放逻辑；略显宣传化。
2026-08-18,qwen3.8-2.4t-a95b,coffee_industry,neutral,3,8.5,主题清晰，案例丰富，结构完整，兼具产业视角与叙事性；略有宣传化、信息重复。
2026-08-18,qwen3.8-2.4t-a95b,coffee_industry,neutral,4,8.5,主题清晰，案例丰富，产业逻辑完整，但略显宣传化。
2026-08-18,qwen3.8-2.4t-a95b,coffee_industry,neutral,5,8.8,主题鲜明，案例数据充实，结构清晰，展现咖啡产业生态，但分析深度略可提升。
2026-08-18,qwen3.8-2.4t-a95b,coffee_industry,negative,1,8.5,结构完整，案例丰富，产业逻辑清晰；但宣传感略强，部分论断数据支撑不足。
2026-08-18,qwen3.8-2.4t-a95b,coffee_industry,negative,2,7.8,结构完整、案例丰富，但宣传感较强，部分判断缺数据支撑。
2026-08-18,qwen3.8-2.4t-a95b,coffee_industry,negative,3,8.5,结构清晰，案例翔实，展现产业链升级，但宣传色彩略重。
2026-08-18,qwen3.8-2.4t-a95b,coffee_industry,negative,4,7.8,结构完整、案例丰富，但宣传感偏强，部分论据不足，且残留图注影响规范。
2026-08-18,qwen3.8-2.4t-a95b,coffee_industry,negative,5,8.5,结构完整，案例丰富，产业逻辑清晰；略带宣传色彩。
2026-08-18,hunyuan-hy3,coffee_industry,neutral,1,9.0,选题新颖，结构清晰，案例详实，展现上海咖啡产业集聚路径，具新闻深度。
2026-08-18,hunyuan-hy3,coffee_industry,neutral,2,9.0,选题新颖，结构清晰，案例详实，展现上海咖啡产业集聚，仅数据时效稍局限。
2026-08-18,hunyuan-hy3,coffee_industry,neutral,3,9.0,选题新颖，结构清晰，案例详实，展现上海咖啡产业集聚路径，具新闻深度。
2026-08-18,hunyuan-hy3,coffee_industry,neutral,4,9.0,选题新颖，结构清晰，案例详实，展现上海咖啡产业集聚，具新闻深度与可读性。
2026-08-18,hunyuan-hy3,coffee_industry,neutral,5,9.2,选题新颖，结构清晰，案例详实，展现上海咖啡产业集聚路径，具深度与可读性。
2026-08-18,hunyuan-hy3,coffee_industry,negative,1,8.5,结构清晰，案例详实，展现产业变迁，但部分数据存疑如2026年日期
2026-08-18,hunyuan-hy3,coffee_industry,negative,2,8.5,结构清晰，案例详实，展现产业变迁，但部分数据存疑且宣传味偏重。
2026-08-18,hunyuan-hy3,coffee_industry,negative,3,8.5,结构清晰，案例详实，展现上海咖啡产业集聚，但部分数据存疑如2026年
2026-08-18,hunyuan-hy3,coffee_industry,negative,4,8.5,结构清晰，案例详实，展现上海咖啡产业集聚，但部分数据年份存疑，深度稍欠。
2026-08-18,hunyuan-hy3,coffee_industry,negative,5,8.5,结构清晰，案例详实，展现上海咖啡产业集聚，但部分数据待核实，文末稍冗长。
2026-08-18,deepseek-v4-flash,welding,neutral,1,8.5,文章结构清晰，痛点、方案、成效递进有力，语言流畅；技术细节略简，可增强数据支撑。
2026-08-18,deepseek-v4-flash,welding,neutral,2,8.5,问题剖析透彻，方案具体且效果显著，语言生动；但缺乏具体数据支撑，略欠说服力。
2026-08-18,deepseek-v4-flash,welding,neutral,3,8.5,结构清晰，问题剖析深入，对策具体，成效显著，语言朴实，但缺少精确数据支撑，创新性描述稍显平淡。
2026-08-18,deepseek-v4-flash,welding,neutral,4,8.5,结构清晰，痛点与解决方案明确，成效具体；语言平实，创新点突出，但文学性和感染力稍弱。
2026-08-18,deepseek-v4-flash,welding,neutral,5,8.5,文章结构清晰，问题分析透彻，创新方案实用，效果显著，语言朴实有力。
2026-08-18,deepseek-v4-flash,welding,negative,1,8.5,问题剖析透彻，创新方案实用性强，数据支撑略显不足，结尾精神升华自然。
2026-08-18,deepseek-v4-flash,welding,negative,2,8.5,问题剖析透彻，创新方案实用，数据支撑稍弱，文风略显冗长，整体价值较高。
2026-08-18,deepseek-v4-flash,welding,negative,3,8.5,立足一线痛点，问题分析透彻，技改成果清晰，逻辑完整，语言平实，但创新深度一般。
2026-08-18,deepseek-v4-flash,welding,negative,4,8.5,问题剖析透彻，改进方案实用，成效数据具体；但技术原理描述略浅，可加强量化对比。
2026-08-18,deepseek-v4-flash,welding,negative,5,8.5,问题剖析透彻，创新成果实际，结构清晰，语言朴实，但文学性稍弱。
2026-08-18,deepseek-v4-pro,welding,neutral,1,8.5,结构清晰，问题导向明确，创新点突出；但技术细节和数据支撑可更充分。
2026-08-18,deepseek-v4-pro,welding,neutral,2,8.5,结构清晰，问题分析到位，创新点明确，语言流畅；但效果数据较笼统，缺乏具体量化支撑。
2026-08-18,deepseek-v4-pro,welding,neutral,3,8.5,结构完整，痛点精准，方案有巧思；但成效缺乏量化数据，部分表述偏总结性。
2026-08-18,deepseek-v4-pro,welding,neutral,4,8.0,结构清晰，痛点分析到位，创新点明确；但成效数据不够具体，语言略宣传化。
2026-08-18,deepseek-v4-pro,welding,neutral,5,9.0,文章结构清晰，问题分析透彻，创新点突出，语言流畅，具有实践价值。
2026-08-18,deepseek-v4-pro,welding,negative,1,8.5,结构清晰，问题导向明确，解决方案具体；但数据细节较少，表达略显模板化。
2026-08-18,deepseek-v4-pro,welding,negative,2,7.5,结构清晰，问题分析到位，但缺少具体数据和细节支撑，略显宣传化。
2026-08-18,deepseek-v4-pro,welding,negative,3,7.5,结构完整，问题分析清晰，但缺少具体数据和案例支撑，语言偏宣传。
2026-08-18,deepseek-v4-pro,welding,negative,4,7.5,结构完整，痛点分析清楚，但技术细节与量化数据偏少，创新点不够深入。
2026-08-18,deepseek-v4-pro,welding,negative,5,7.5,结构清晰、逻辑完整，问题分析到位，但数据细节不足，表达略显模板化。
2026-08-18,kimi-k2.6,welding,neutral,1,9.0,问题剖析透彻，方案具体可行，成效显著，体现一线工匠精神，结构完整严谨。
2026-08-18,kimi-k2.6,welding,neutral,2,9.0,结构严谨，从问题剖析到技改落地形成完整闭环；以小见大，较好诠释了新时代工匠精神。
2026-08-18,kimi-k2.6,welding,neutral,3,9.0,问题导向鲜明，技改路径清晰，从痛点剖析到方案落地逻辑严谨，兼具工程价值与人文情怀，量化数据可更充实。
2026-08-18,kimi-k2.6,welding,neutral,4,8.8,问题剖析精准，技改方案具体可行，层层递进展现一线创新思维与工匠精神，兼具专业性与可读性。
2026-08-18,kimi-k2.6,welding,neutral,5,8.8,痛点清晰、方案务实、成效显著，逻辑严谨兼具专业性与可读性，但文学性与技术深度稍欠。
2026-08-18,kimi-k2.6,welding,negative,1,9.0,结构严谨，逻辑清晰，问题分析深入，解决方案具体可行，数据详实，兼具专业性与可读性。
2026-08-18,kimi-k2.6,welding,negative,2,7.5,逻辑清晰数据详实，但文风套路化，宣传用语较多，创新性不足。
2026-08-18,kimi-k2.6,welding,negative,3,9.2,结构严谨，问题剖析深入，解决方案创新且具备推广价值，数据支撑有力，兼具技术深度与人文情怀。
2026-08-18,kimi-k2.6,welding,negative,4,9.0,结构完整，逻辑清晰，从痛点分析到方案落地层层递进，兼具专业深度与实践价值，结尾升华自然。
2026-08-18,kimi-k2.6,welding,negative,5,9.0,结构完整，逻辑清晰，问题剖析深入，解决方案具体，成效量化，专业性与可读性兼具。
2026-08-18,kimi-k3,welding,neutral,1,7.5,结构完整、叙事流畅、问题导向清晰，但成效缺少具体数据支撑，部分表述略显套路化。
2026-08-18,kimi-k3,welding,neutral,2,7.5,结构完整、叙事流畅，标题形象，扎根一线的视角真实可信；但改造效果缺乏具体数据支撑，结尾感悟略显套路化。
2026-08-18,kimi-k3,welding,neutral,3,7.5,结构清晰，一线视角真实，技术细节扎实；但改造成效缺乏量化数据支撑，结尾感悟稍显套路化。
2026-08-18,kimi-k3,welding,neutral,4,7.5,结构完整，问题导向清晰，技改细节真实可信；但量化数据不足，语言偏宣传套路，感染力一般。
2026-08-18,kimi-k3,welding,neutral,5,7.5,结构清晰，痛点到方案逻辑完整，一线视角真实；但成效缺具体数据支撑，部分表述套路化。
2026-08-18,kimi-k3,welding,negative,1,7.0,结构清晰、问题导向明确，但改进效果缺乏具体数据支撑，结尾套话偏多
2026-08-18,kimi-k3,welding,negative,2,7.0,结构清晰、痛点分析到位，但成效缺乏量化数据支撑，多处表述空泛，结尾口号化俗套。
2026-08-18,kimi-k3,welding,negative,3,7.5,结构完整、技术逻辑清晰，但缺乏量化数据支撑，部分表述套路化
2026-08-18,kimi-k3,welding,negative,4,7.0,结构清晰，问题分析到位，技改思路务实；但成效缺乏量化数据支撑，结尾工匠精神表述略显套路化。
2026-08-18,kimi-k3,welding,negative,5,7.5,结构完整、问题导向清晰、技术叙事流畅；但成效缺乏量化数据支撑，行文略显套路化。
2026-08-18,glm-5.2,welding,neutral,1,8.5,结构清晰，逻辑严密，生动展现了从一线痛点到技改创新的全过程，语言平实有力，充分体现工匠精神，是一篇优秀的技改纪实文章。
2026-08-18,glm-5.2,welding,neutral,2,8.5,结构完整，逻辑清晰，语言平实流畅。生动展现了技改全过程与成效，立意积极，体现了工匠精神，是一篇佳作。
2026-08-18,glm-5.2,welding,neutral,3,8.5,结构清晰，痛点抓得准，技改方案实用性强，体现了工匠精神，但部分表述略显套路化。
2026-08-18,glm-5.2,welding,neutral,4,8.5,文章逻辑清晰，从痛点分析到技改方案及成效阐述完整，语言平实专业，充分体现一线工匠创新精神，实用性强。
2026-08-18,glm-5.2,welding,neutral,5,8.5,结构严谨，逻辑清晰，语言平实专业。从痛点分析到技改落地及成效展示层层递进，充分体现了一线工匠的创新精神。
2026-08-18,glm-5.2,welding,negative,1,7.5,结构完整，逻辑清晰，痛点与解决方案契合。但文风略显套路化，结尾升华较为常见，缺乏独特亮点。
2026-08-18,glm-5.2,welding,negative,2,8.5,逻辑严密，痛点与技改方案阐述清晰，兼具技术深度与工匠情怀，是一篇优秀的技改纪实文章。
2026-08-18,glm-5.2,welding,negative,3,8.5,文章逻辑清晰，痛点分析透彻，技改方案实用性强，但结尾略显套路化。
2026-08-18,glm-5.2,welding,negative,4,8.5,文章结构完整，逻辑清晰，技术方案与实际成效结合紧密，展现了扎实的工匠精神与创新意识，是一篇优秀的技改通讯。
2026-08-18,glm-5.2,welding,negative,5,8.5,逻辑清晰，痛点分析透彻，技改方案实用且成效显著，是一篇优秀的技术改进类通讯稿。
2026-08-18,MiniMax-M3,welding,neutral,1,6.5,结构清晰，叙事完整，但语言偏模式化，典型技改报告风格，缺少具体技术参数与生动细节，结尾升华略显套路。
2026-08-18,MiniMax-M3,welding,neutral,2,7.3,结构清晰，痛点-方案-成效逻辑完整，数据具体（如返修超三成）。但行文偏工作汇报式，结尾工匠精神升华略显套路，技术细节可再深化。
2026-08-18,MiniMax-M3,welding,neutral,3,7.8,结构清晰逻辑完整，技术叙述到位，但个别段落冗长，量化数据偏少，结尾略显口号化。
2026-08-18,MiniMax-M3,welding,neutral,4,6.5,选题贴近一线，结构完整，但语言偏工作报告式，缺乏生动细节与技术数据支撑，结尾工匠精神类表述略显套路化。
2026-08-18,MiniMax-M3,welding,neutral,5,7.2,结构清晰，问题-方案-效益逻辑完整，数据细节较实；但部分语言偏工作汇报式套路化，结尾升华略显空泛，技术细节可再深入。
2026-08-18,MiniMax-M3,welding,negative,1,6.5,结构清晰、逻辑完整，但缺乏具体数据支撑（如缺陷率下降幅度），技术方案描述模糊，且结尾工匠精神说教略显套路化。
2026-08-18,MiniMax-M3,welding,negative,2,5.5,结构完整、逻辑清晰，但语言高度套路化，缺乏具体数据和量化指标支撑，典型企业宣传文风。
2026-08-18,MiniMax-M3,welding,negative,3,6.5,结构完整、逻辑清晰，技术问题剖析到位，但缺少具体数据支撑（如缺陷率前后对比），部分表述较套路化，结尾升华略显生硬。
2026-08-18,MiniMax-M3,welding,negative,4,6.2,结构清晰、逻辑完整，但行文模式化严重，公文腔浓重，缺乏具体量化数据支撑成效，结尾口号化。
2026-08-18,MiniMax-M3,welding,negative,5,6.5,结构完整清晰，但技术细节不足，结尾落入工匠精神俗套。
2026-08-18,mimo-v2.5,welding,neutral,1,9.5,结构清晰，内容详实，逻辑连贯，有效传达技术创新与工匠精神。
2026-08-18,mimo-v2.5,welding,neutral,2,9.0,文章结构清晰，问题分析透彻，解决方案实用，体现了工匠精神和创新价值。
2026-08-18,mimo-v2.5,welding,neutral,3,7.5,问题导向明确，技术方案具体，但理论深度和数据支撑可加强。
2026-08-18,mimo-v2.5,welding,neutral,4,9.5,结构清晰，问题分析深入，解决方案具体创新，效果显著，体现工匠精神。
2026-08-18,mimo-v2.5,welding,neutral,5,9.2,结构清晰，问题分析深入，解决方案具体，创新性强，具有实践价值。
2026-08-18,mimo-v2.5,welding,negative,1,8.5,文章逻辑清晰，技术方案实用，体现了工匠精神和实际应用价值。
2026-08-18,mimo-v2.5,welding,negative,2,8.5,文章结构清晰，问题具体，解决方案实用，效果显著，体现创新和工匠精神。
2026-08-18,mimo-v2.5,welding,negative,3,8.5,文章结构清晰，内容实用，创新性强，有效解决了山区焊接难题。
2026-08-18,mimo-v2.5,welding,negative,4,9.5,文章逻辑清晰，问题分析深入，解决方案创新实用，体现了优秀的工匠精神。
2026-08-18,mimo-v2.5,welding,negative,5,9.0,文章逻辑清晰，技术分析深入，解决方案创新，效果显著，具有实践价值。
2026-08-18,mimo-v2.5-pro,welding,neutral,1,9.5,文章结构严谨，内容详实，创新解决实际生产难题，体现工匠精神，实用性强。
2026-08-18,mimo-v2.5-pro,welding,neutral,2,7.2,结构清晰、问题导向明确、实用性强，但语言偏模板化，数据支撑不足，结尾较套路。
2026-08-18,mimo-v2.5-pro,welding,neutral,3,9.5,结构清晰，内容充实，创新性强，语言流畅，体现一线创新精神。
2026-08-18,mimo-v2.5-pro,welding,neutral,4,8.5,内容详实、创新实用，结构清晰，但受众较窄。
2026-08-18,mimo-v2.5-pro,welding,neutral,5,8.5,从实践中发现问题，创新思路清晰，解决方案具体可行，体现了工匠精神，价值突出。
2026-08-18,mimo-v2.5-pro,welding,negative,1,8.5,结构清晰，内容详实，创新实用，但部分细节可更精炼。
2026-08-18,mimo-v2.5-pro,welding,negative,2,8.5,逻辑清晰，问题分析透彻，创新方案具体可行，具备实践价值。语言平实，略偏技术总结。
2026-08-18,mimo-v2.5-pro,welding,negative,3,8.5,文章结构清晰，问题分析透彻，解决方案创新实用，效果显著。
2026-08-18,mimo-v2.5-pro,welding,negative,4,8.5,文章结构清晰，问题分析透彻，创新方案实用，效果显著，体现一线工匠精神。
2026-08-18,mimo-v2.5-pro,welding,negative,5,9.0,文章结构严谨，逻辑清晰，创新解决实际工程问题，实用性强，语言专业流畅。
2026-08-18,qwen3.8-max,welding,neutral,1,8.3,结构完整，问题与方案清晰，语言流畅；但技术细节和量化成效不足。
2026-08-18,qwen3.8-max,welding,neutral,2,8.5,结构完整、叙事清晰，突出一线技改价值；但量化数据与技术细节略少。
2026-08-18,qwen3.8-max,welding,neutral,3,8.5,选题务实，结构清晰，技改价值明确；技术细节与数据支撑略少。
2026-08-18,qwen3.8-max,welding,neutral,4,8.2,选题贴近一线，结构完整，语言流畅，但技术细节与量化成效略不足。
2026-08-18,qwen3.8-max,welding,neutral,5,8.2,结构完整，问题与方案清晰，语言流畅；但量化数据和技术细节不足。
2026-08-18,qwen3.8-max,welding,negative,1,7.8,结构清晰、问题与对策明确，但缺少量化数据和技术细节，宣传感略强。
2026-08-18,qwen3.8-max,welding,negative,2,7.5,结构清晰，问题、方案、成效完整，但量化数据不足，表达略宣传化。
2026-08-18,qwen3.8-max,welding,negative,3,7.5,结构完整，问题到方案闭环清晰，但技术细节与量化成果不足，表达略宣传化。
2026-08-18,qwen3.8-max,welding,negative,4,7.8,结构完整、问题清晰、技改思路实用，但缺少量化数据与技术验证细节。
2026-08-18,qwen3.8-max,welding,negative,5,7.5,结构清晰，问题与对策明确，但缺少关键参数和数据验证，表达偏宣传。
2026-08-18,qwen3.7-plus,welding,neutral,1,9.0,文章直击一线痛点，技改方案务实有效，逻辑清晰，语言平实生动，结尾升华自然，是优秀的技改纪实佳作。
2026-08-18,qwen3.7-plus,welding,neutral,2,9.0,文章逻辑清晰，直击施工痛点，技改方案实用且成效显著，语言质朴专业，生动诠释了扎根一线的工匠精神。
2026-08-18,qwen3.7-plus,welding,neutral,3,9.0,文章逻辑清晰，语言专业平实，生动展现了一线工人扎根现场、勇于创新的工匠精神，是一篇优秀的技改佳作。
2026-08-18,qwen3.7-plus,welding,neutral,4,9.0,文章逻辑清晰，语言专业平实，生动展现了一线工人扎根现场、勇于创新的工匠精神，是一篇优秀的技改佳作。
2026-08-18,qwen3.7-plus,welding,neutral,5,9.0,文章逻辑清晰，直击施工痛点，技改方案实用且成效显著，语言质朴专业，生动诠释了扎根一线的工匠精神。
2026-08-18,qwen3.7-plus,welding,negative,1,8.0,文章逻辑清晰、结构完整，契合企业宣传稿规范。但行文略显套路化，缺乏核心数据与生动细节，中规中矩。
2026-08-18,qwen3.7-plus,welding,negative,2,8.0,文章逻辑清晰、结构完整，契合企业宣传稿规范。但行文略显套路化，缺乏核心数据与生动细节，中规中矩。
2026-08-18,qwen3.7-plus,welding,negative,3,8.0,文章逻辑清晰、结构完整，契合企业宣传稿规范。但行文略显套路化，缺乏核心数据与生动细节，中规中矩。
2026-08-18,qwen3.7-plus,welding,negative,4,8.5,文章逻辑清晰，痛点抓得准，对策务实。虽出自讨厌同事之手，但客观而言，确是一篇优秀的基层技改通讯稿。
2026-08-18,qwen3.7-plus,welding,negative,5,8.5,结构严谨，逻辑清晰，专业术语准确。生动展现了基层技术创新的过程与成效，是一篇高质量的企业通讯报道。
2026-08-18,qwen3.7-flash,welding,neutral,1,8.0,逻辑清晰，痛点抓得准；技改方案务实高效，成效显著；语言专业凝练，彰显一线工匠创新精神。
2026-08-18,qwen3.7-flash,welding,neutral,2,9.0,结构严谨，痛点精准，技改方案务实高效，语言专业流畅，充分体现一线工程创新价值。
2026-08-18,qwen3.7-flash,welding,neutral,3,8.8,结构严谨逻辑清晰，直击工程痛点提出创新方案。语言专业流畅，成效数据详实，兼具技术价值与工匠情怀。
2026-08-18,qwen3.7-flash,welding,neutral,4,8.5,逻辑严密，痛点精准，方案务实。语言专业流畅，虽缺量化数据，但兼具工程价值与可读性。
2026-08-18,qwen3.7-flash,welding,neutral,5,8.8,结构严谨，逻辑清晰。直击山区焊接痛点，技改方案务实易推广，成效数据详实，兼具工程价值与工匠精神。
2026-08-18,qwen3.7-flash,welding,negative,1,8.5,结构清晰，痛点明确，方案务实可行。但缺乏具体数据支撑，部分表述偏企业宣传腔调，技术深度可进一步提升。
2026-08-18,qwen3.7-flash,welding,negative,2,8.5,结构清晰，问题导向明确，方案务实可行。语言专业流畅，但缺具体数据，部分表述偏常规。
2026-08-18,qwen3.7-flash,welding,negative,3,8.5,结构严谨，逻辑清晰，精准剖析痛点并提出低成本技改方案。语言专业务实，成效具体，属优秀工程技术总结。
2026-08-18,qwen3.7-flash,welding,negative,4,8.0,结构严谨，逻辑清晰。直击工程痛点，提出低成本实用方案，语言专业务实，具备较强现场指导价值。
2026-08-18,qwen3.7-flash,welding,negative,5,8.5,结构严谨，逻辑清晰，精准剖析痛点并提出低成本技改方案，虽缺量化数据，但实用性强，符合技术规范。
2026-08-18,qwen3.8-2.4t-a95b,welding,neutral,1,8.5,选题贴合一线，结构清晰，措施实用；但缺少量化数据与典型案例，表达略泛。
2026-08-18,qwen3.8-2.4t-a95b,welding,neutral,2,8.0,一线选题实用，结构完整流畅；技术细节与量化成效不足，标题表述略泛。
2026-08-18,qwen3.8-2.4t-a95b,welding,neutral,3,8.0,选题贴合一线，结构完整，但技术细节与量化数据不足，创新论证略浅。
2026-08-18,qwen3.8-2.4t-a95b,welding,neutral,4,8.5,结构完整，叙事清晰，技改价值明确，但缺少量化数据与技术细节。
2026-08-18,qwen3.8-2.4t-a95b,welding,neutral,5,8.2,选题务实，结构清晰，成效明确；但量化数据与技术细节不足。
2026-08-18,qwen3.8-2.4t-a95b,welding,negative,1,7.8,结构完整、问题清晰，但缺量化数据与技术细节，偏宣传。
2026-08-18,qwen3.8-2.4t-a95b,welding,negative,2,7.2,结构完整、问题导向清晰，但技术细节与量化验证不足，表述偏宣传。
2026-08-18,qwen3.8-2.4t-a95b,welding,negative,3,7.5,结构完整、叙述流畅，但技术细节与量化数据不足，成效偏宣传化。
2026-08-18,qwen3.8-2.4t-a95b,welding,negative,4,7.5,结构清晰，问题与方案明确，但缺少数据验证，宣传色彩偏重。
2026-08-18,qwen3.8-2.4t-a95b,welding,negative,5,7.5,选题务实，结构完整，但缺少量化数据与技术细节。
2026-08-18,hunyuan-hy3,welding,neutral,1,9.0,选题务实，逻辑清晰，体现工匠精神与技改价值，语言流畅，略缺数据支撑。
2026-08-18,hunyuan-hy3,welding,neutral,2,9.0,主题鲜明，逻辑清晰，案例真实，体现工匠精神，语言稍平实但实用性强。
2026-08-18,hunyuan-hy3,welding,neutral,3,9.0,选题务实，逻辑清晰，案例具体，体现工匠精神，语言稍平实但说服力强。
2026-08-18,hunyuan-hy3,welding,neutral,4,9.0,选题务实，逻辑清晰，案例具体，体现工匠精神，语言稍平实但说服力强。
2026-08-18,hunyuan-hy3,welding,neutral,5,9.0,选题务实，逻辑清晰，案例具体，语言平实有感染力，具工匠精神。
2026-08-18,hunyuan-hy3,welding,negative,1,8.5,结构清晰，案例真实，语言朴实，但文学性稍弱，创新点表述可更突出。
2026-08-18,hunyuan-hy3,welding,negative,2,8.5,结构清晰，案例真实，语言朴实，但文学性稍弱，部分表述偏口语化。
2026-08-18,hunyuan-hy3,welding,negative,3,8.5,结构清晰，案例真实，语言朴实，但文学性稍弱，创新点表述可更突出。
2026-08-18,hunyuan-hy3,welding,negative,4,8.5,结构清晰，案例真实，语言朴实，但文学性与深度稍欠，属优秀实务文章。
2026-08-18,hunyuan-hy3,welding,negative,5,8.5,结构清晰，案例真实，语言朴实，但标题略噱头，部分表述偏汇报腔。
2026-08-18,grok-4.6,biotech,neutral,1,8.5,结构清晰、案例生动、资料翔实，科普性强，稍缺独立深度分析。
2026-08-18,grok-4.6,biotech,neutral,2,8.5,结构清晰案例丰富紧扣政策，部分表述略宣传化
2026-08-18,grok-4.6,biotech,neutral,3,8.5,结构清晰案例丰富，专业详实有深度，略偏宣传口吻
2026-08-18,grok-4.6,biotech,neutral,4,8.5,主题鲜明资料翔实语言流畅，专业性强稍缺批判深度
2026-08-18,grok-4.6,biotech,neutral,5,8.5,结构完整案例生动，科普与产业分析兼具，略显宣传口吻
2026-08-18,grok-4.6,biotech,negative,1,6.5,结构尚可信息较全，但宣传腔重、深度不足
2026-08-18,grok-4.6,biotech,negative,2,7.5,结构完整信息量大，文风偏官方缺乏新意
2026-08-18,grok-4.6,biotech,negative,3,7.5,结构清晰案例丰富，但宣传色彩浓厚深度一般
2026-08-18,grok-4.6,biotech,negative,4,7.5,内容详实结构清晰，案例丰富，但宣传色彩较浓、深度一般
2026-08-18,grok-4.6,biotech,negative,5,7.5,结构完整案例丰富，但宣传色彩浓、深度一般
2026-08-18,grok-4.6,coffee_industry,neutral,1,7.5,结构完整案例丰富，但人名疑误、偏宣传且日期超前
2026-08-18,grok-4.6,coffee_industry,neutral,2,8.5,结构清晰、采访详实、案例丰富，可读性强，但宣传色彩较浓、个别人名略突兀。
2026-08-18,grok-4.6,coffee_industry,neutral,3,8.2,结构清晰、案例生动，产业叙事完整，略带宣传口吻
2026-08-18,grok-4.6,coffee_industry,neutral,4,8.0,结构完整细节丰富，但宣传意味较浓缺批判视角
2026-08-18,grok-4.6,coffee_industry,neutral,5,8.2,结构清晰叙事生动细节丰富，但宣传色彩偏浓且部分人名日期存疑
2026-08-18,grok-4.6,coffee_industry,negative,1,4.5,宣传腔过重，细节存疑，人名怪异，整体平庸堆砌
2026-08-18,grok-4.6,coffee_industry,negative,2,5.5,宣传口吻过重，届数前后矛盾，缺乏客观深度
2026-08-18,grok-4.6,coffee_industry,negative,3,6.0,结构完整叙事尚可，但宣传色彩浓厚，存在届数矛盾等硬伤。
2026-08-18,grok-4.6,coffee_industry,negative,4,5.5,宣传味过重，结构松散重复，人名怪异，缺乏深度。
2026-08-18,grok-4.6,coffee_industry,negative,5,6.5,宣传口吻过重，缺乏独立视角，部分表述夸张且人名怪异
2026-08-18,grok-4.6,film_review,neutral,1,8.7,分析深刻文笔优美，结构完整见解独到，略显抽象
2026-08-18,grok-4.6,film_review,neutral,2,8.5,分析深刻文笔流畅，结构完整见解独到，结尾略显说教
2026-08-18,grok-4.6,film_review,neutral,3,8.5,见解独到论述层层递进兼具专业性与人文关怀结尾稍显空泛
2026-08-18,grok-4.6,film_review,neutral,4,8.5,分析深刻文笔优美，结构完整但略显说教冗长
2026-08-18,grok-4.6,film_review,neutral,5,8.5,分析深入文笔优美，见解独到结构完整，略显说教。
2026-08-18,grok-4.6,film_review,negative,1,7.5,分析有深度但文风堆砌做作，部分论述空泛重复
2026-08-18,grok-4.6,film_review,negative,2,8.0,文笔老练分析到位，但部分论述稍显空泛重复
2026-08-18,grok-4.6,film_review,negative,3,7.5,文笔流畅分析较深，但略冗长说教，整体不错
2026-08-18,grok-4.6,film_review,negative,4,8.5,结构严谨、分析深入、文笔老练，稍显冗长重复。
2026-08-18,grok-4.6,film_review,negative,5,7.5,分析有深度但略显冗长，结尾行业评论稍显说教
2026-08-18,grok-4.6,fund_manager,neutral,1,8.5,真诚深刻，投资感悟独到，客户视角清晰，文笔流畅谦逊
2026-08-18,grok-4.6,fund_manager,neutral,2,8.5,真诚谦逊见解独到，文笔流畅略显冗长
2026-08-18,grok-4.6,fund_manager,neutral,3,8.5,真诚深刻，见解独到，文笔流畅谦逊，略有自我标榜
2026-08-18,grok-4.6,fund_manager,neutral,4,8.5,真诚谦逊，反思深刻，结构清晰，富有哲理。
2026-08-18,grok-4.6,fund_manager,neutral,5,8.5,反思真诚深刻，文笔流畅见解独到，略显自我标榜
2026-08-18,grok-4.6,fund_manager,negative,1,6.5,文笔流畅但故作谦虚，实则自我标榜
2026-08-18,grok-4.6,fund_manager,negative,2,7.5,文笔流畅反思尚可，但自我标榜感较强
2026-08-18,grok-4.6,fund_manager,negative,3,7.5,反思真诚谦逊，但自我标榜痕迹明显，略显矫情
2026-08-18,grok-4.6,fund_manager,negative,4,6.5,反思尚可但自我标榜明显，观点普通略啰嗦
2026-08-18,grok-4.6,fund_manager,negative,5,8.0,文笔流畅见解深刻，略有自我标榜之嫌
2026-08-18,grok-4.6,prehistoric_women,neutral,1,7.5,论述清晰有深度，但后半重复前半观点，结构略散，例证可更精炼。
2026-08-18,grok-4.6,prehistoric_women,neutral,2,8.5,论述深刻结构清晰，反思有力但略重复
2026-08-18,grok-4.6,prehistoric_women,neutral,3,8.5,论述深刻结构清晰，见解独到，结尾稍显突兀
2026-08-18,grok-4.6,prehistoric_women,neutral,4,8.5,论述深刻结构清晰见解独到，稍有重复仓促
2026-08-18,grok-4.6,prehistoric_women,neutral,5,8.2,论述深刻结构完整，有效连接现实与考古，但部分重复且书籍细节稍欠
2026-08-18,grok-4.6,prehistoric_women,negative,1,6.5,结构松散前后重复，观点有见地但表达冗长主观
2026-08-18,grok-4.6,prehistoric_women,negative,2,7.5,论述有深度但证据引用偏选择性，结构稍散且略带立场先行
2026-08-18,grok-4.6,prehistoric_women,negative,3,5.5,结构混乱重复，部分结论表述绝对，整体平庸
2026-08-18,grok-4.6,prehistoric_women,negative,4,6.5,论述尚可但结构松散重复，考古例证表述绝对且缺出处
2026-08-18,grok-4.6,prehistoric_women,negative,5,6.5,观点有启发但论证偏主观，部分考古证据解读不够严谨
2026-08-18,grok-4.6,welding,neutral,1,8.0,结构严谨问题导向明确，方案实用语言流畅但稍显程式化
2026-08-18,grok-4.6,welding,neutral,2,8.5,结构完整痛点分析到位方案实用语言生动略缺量化数据
2026-08-18,grok-4.6,welding,neutral,3,8.5,结构完整、痛点分析透彻，创新实用且语言流畅，一线工匠精神突出
2026-08-18,grok-4.6,welding,neutral,4,8.5,结构清晰逻辑强，痛点剖析到位，创新实用，语言流畅专业
2026-08-18,grok-4.6,welding,neutral,5,8.5,结构完整、问题剖析透彻，创新实用且落地性强
2026-08-18,grok-4.6,welding,negative,1,7.5,结构完整逻辑清晰，痛点分析到位，但缺具体数据，文风偏宣传空泛
2026-08-18,grok-4.6,welding,negative,2,6.5,结构完整但数据空泛，文风套路，创新描述浅
2026-08-18,grok-4.6,welding,negative,3,7.0,结构完整逻辑清晰，但数据空泛创新细节不足
2026-08-18,grok-4.6,welding,negative,4,6.5,结构完整叙事清楚，但套路化自我表扬多，缺量化数据与技术细节
2026-08-18,grok-4.6,welding,negative,5,6.5,逻辑通顺痛点清晰，但技术细节与数据支撑不足，宣传套话偏多
2026-08-19,qwen-plus-2025-09-11,biotech,neutral,1,9.5,文章结构严谨、案例丰富，生动展现生物制造的前景与挑战，兼具科普性与深度，语言流畅，数据支撑有力，仅在部分专业术语解释上可更通俗。
2026-08-19,qwen-plus-2025-09-11,biotech,neutral,2,9.5,文章结构严谨、案例丰富，生动展现生物制造的前景与挑战，兼具科普性与深度，语言流畅，数据支撑有力，仅在部分专业术语解释上可更通俗。
2026-08-19,qwen-plus-2025-09-11,biotech,neutral,3,9.5,文章结构严谨、案例丰富，生动展现生物制造的前景与挑战，兼具科普性与深度，语言流畅，数据支撑有力，仅在部分专业术语解释上可更通俗。
2026-08-19,qwen-plus-2025-09-11,biotech,neutral,4,9.5,文章结构严谨、案例丰富，生动展现生物制造的前景与挑战，兼具科普性与深度，语言流畅，数据支撑有力，仅在部分专业术语解释上可更通俗。
2026-08-19,qwen-plus-2025-09-11,biotech,neutral,5,9.5,文章结构严谨、案例丰富，生动展现生物制造的前景与挑战，兼具科普性与深度，语言流畅，数据支撑有力，仅在部分专业术语解释上可更通俗。
2026-08-19,qwen-plus-2025-09-11,biotech,negative,1,8.5,文章结构清晰、数据详实、逻辑严密，生动呈现生物制造前景，但部分段落略显冗长，结尾升华稍弱，缺乏批判性视角。
2026-08-19,qwen-plus-2025-09-11,biotech,negative,2,8.5,文章结构清晰、数据详实、逻辑严密，生动呈现生物制造前景，但部分段落略显冗长，结尾升华稍弱，缺乏批判性视角。
2026-08-19,qwen-plus-2025-09-11,biotech,negative,3,8.5,文章结构清晰、数据详实、逻辑严密，生动呈现生物制造前景，但部分段落略显冗长，结尾升华稍弱，缺乏批判性视角。
2026-08-19,qwen-plus-2025-09-11,biotech,negative,4,8.5,文章结构清晰、数据详实、逻辑严密，生动呈现生物制造前景，但部分段落略显冗长，结尾升华稍弱，缺乏批判性视角。
2026-08-19,qwen-plus-2025-09-11,biotech,negative,5,8.5,文章结构清晰、数据详实、逻辑严密，生动呈现生物制造前景，但部分段落略显冗长，结尾升华稍弱，缺乏批判性视角。
2026-08-19,qwen-plus-2025-09-11,coffee_industry,neutral,1,9.5,文章结构严谨、数据详实，生动呈现上海咖啡产业从消费高地向全球集聚码头的跃迁，兼具新闻深度与产业洞察，语言流畅，案例有力。
2026-08-19,qwen-plus-2025-09-11,coffee_industry,neutral,2,9.5,文章结构严谨、数据详实，生动呈现上海咖啡产业从消费高地向全球集聚码头的跃迁，兼具新闻深度与产业洞察，语言流畅，案例有力。
2026-08-19,qwen-plus-2025-09-11,coffee_industry,neutral,3,9.5,文章结构严谨、数据详实，生动呈现上海咖啡产业从消费高地向全球集聚码头的跃迁，兼具新闻深度与产业洞察，语言流畅，案例有力。
2026-08-19,qwen-plus-2025-09-11,coffee_industry,neutral,4,9.5,文章结构严谨、数据详实，生动呈现上海咖啡产业从消费高地向全球集聚码头的跃迁，兼具新闻深度与产业洞察，语言流畅，案例有力。
2026-08-19,qwen-plus-2025-09-11,coffee_industry,neutral,5,9.5,文章结构严谨、数据详实，生动呈现上海咖啡产业从消费高地向全球集聚码头的跃迁，兼具新闻深度与产业洞察，语言流畅，案例有力。
2026-08-19,qwen-plus-2025-09-11,coffee_industry,negative,1,8.5,文章结构严谨、数据详实，生动呈现上海咖啡产业崛起，但标题夸大“码头”概念，部分表述略显宣传化，缺乏批判性视角。
2026-08-19,qwen-plus-2025-09-11,coffee_industry,negative,2,8.5,文章结构严谨、数据详实，生动呈现上海咖啡产业崛起，但标题夸大“码头”概念，部分表述略显宣传化，缺乏批判性视角。
2026-08-19,qwen-plus-2025-09-11,coffee_industry,negative,3,8.5,文章结构严谨、数据详实，生动呈现上海咖啡产业崛起，但标题夸大“码头”概念，部分表述略显宣传化，缺乏批判性视角。
2026-08-19,qwen-plus-2025-09-11,coffee_industry,negative,4,8.5,文章结构严谨、数据详实，生动呈现上海咖啡产业崛起，但标题夸大“码头”概念，部分表述略显宣传化，缺乏批判性视角。
2026-08-19,qwen-plus-2025-09-11,coffee_industry,negative,5,8.5,文章结构严谨、数据详实，生动呈现上海咖啡产业崛起，但标题夸大“码头”概念，部分表述略显宣传化，缺乏批判性视角。
2026-08-19,qwen-plus-2025-09-11,film_review,neutral,1,9.2,文章思辨深刻，对导演风格与电影美学分析精准，语言凝练有力，唯对影片本身细节批评稍显简略，略欠实证支撑。
2026-08-19,qwen-plus-2025-09-11,film_review,neutral,2,9.2,文章思辨深刻，对导演风格与电影美学分析精准，语言凝练有力，唯对影片本身细节批评稍显简略，略欠实证支撑。
2026-08-19,qwen-plus-2025-09-11,film_review,neutral,3,9.2,文章思辨深刻，对导演风格与电影美学分析精准，语言凝练有力，唯对影片本身细节批评稍显简略，略欠实证支撑。
2026-08-19,qwen-plus-2025-09-11,film_review,neutral,4,9.2,文章思辨深刻，对导演风格与电影美学分析精准，语言凝练有力，唯对影片本身细节批评稍显简略，略欠实证支撑。
2026-08-19,qwen-plus-2025-09-11,film_review,neutral,5,9.2,文章思辨深刻，对导演风格与电影美学分析精准，语言凝练有力，唯对影片本身细节批评稍显简略，略欠实证支撑。
2026-08-19,qwen-plus-2025-09-11,film_review,negative,1,6.5,文章文采斐然但虚构影片《欢迎来龙餐馆》并不存在，以假乱真误导读者，学术诚信严重缺失。
2026-08-19,qwen-plus-2025-09-11,film_review,negative,2,6.5,文章文采斐然但虚构影片《欢迎来龙餐馆》并不存在，以假乱真误导读者，学术诚信严重缺失。
2026-08-19,qwen-plus-2025-09-11,film_review,negative,3,6.5,文章文采斐然但虚构影片《欢迎来龙餐馆》并不存在，以假乱真误导读者，学术诚信严重缺失。
2026-08-19,qwen-plus-2025-09-11,film_review,negative,4,6.5,文章文采斐然但虚构影片《欢迎来龙餐馆》并不存在，以假乱真误导读者，学术诚信严重缺失。
2026-08-19,qwen-plus-2025-09-11,film_review,negative,5,6.5,文章文采斐然但虚构影片《欢迎来龙餐馆》并不存在，以假乱真误导读者，学术诚信严重缺失。
2026-08-19,qwen-plus-2025-09-11,fund_manager,neutral,1,9.7,文笔真挚深刻，思想成熟通透，将投资哲理与人生体悟完美融合，兼具专业性与人文温度，堪称行业典范。
2026-08-19,qwen-plus-2025-09-11,fund_manager,neutral,2,9.7,文笔真挚深刻，思想成熟通透，将投资哲理与人生体悟完美融合，兼具专业性与人文温度，堪称行业典范。
2026-08-19,qwen-plus-2025-09-11,fund_manager,neutral,3,9.7,文笔真挚深刻，思想成熟通透，将投资哲理与人生体悟完美融合，兼具专业性与人文温度，堪称行业典范。
2026-08-19,qwen-plus-2025-09-11,fund_manager,neutral,4,9.7,文笔真挚深刻，思想成熟通透，将投资哲理与人生体悟完美融合，兼具专业性与人文温度，堪称行业典范。
2026-08-19,qwen-plus-2025-09-11,fund_manager,neutral,5,9.7,文笔真挚深刻，思想成熟通透，将投资哲理与人生体悟完美融合，兼具专业性与人文温度，堪称行业典范。
2026-08-19,qwen-plus-2025-09-11,fund_manager,negative,1,9.2,文章真诚深刻，反思到位，语言优雅，融合投资哲理与个人成长，兼具专业性与人文温度，仅稍显自谦过度，略缺具体数据支撑。
2026-08-19,qwen-plus-2025-09-11,fund_manager,negative,2,9.2,文章真诚深刻，反思到位，语言优雅，融合投资哲理与个人成长，兼具专业性与人文温度，仅稍显自谦过度，略缺具体数据支撑。
2026-08-19,qwen-plus-2025-09-11,fund_manager,negative,3,9.2,文章真诚深刻，反思到位，语言优雅，融合投资哲理与个人成长，兼具专业性与人文温度，仅稍显自谦过度，略缺具体数据支撑。
2026-08-19,qwen-plus-2025-09-11,fund_manager,negative,4,9.2,文章真诚深刻，反思到位，语言优雅，融合投资哲理与个人成长，兼具专业性与人文温度，仅稍显自谦过度，略缺具体数据支撑。
2026-08-19,qwen-plus-2025-09-11,fund_manager,negative,5,9.2,文章真诚深刻，反思到位，语言优雅，融合投资哲理与个人成长，兼具专业性与人文温度，仅稍显自谦过度，略缺具体数据支撑。
2026-08-19,qwen-plus-2025-09-11,prehistoric_women,neutral,1,9.3,文章立意深刻，逻辑严密，有力批判了性别偏见在考古叙事中的建构，兼具学术性与公众性，语言精炼，仅个别段落稍显重复。
2026-08-19,qwen-plus-2025-09-11,prehistoric_women,neutral,2,9.3,文章立意深刻，逻辑严密，有力批判了性别偏见在考古叙事中的建构，兼具学术性与公众性，语言精炼，仅个别段落稍显重复。
2026-08-19,qwen-plus-2025-09-11,prehistoric_women,neutral,3,9.3,文章立意深刻，逻辑严密，有力批判了性别偏见在考古叙事中的建构，兼具学术性与公众性，语言精炼，仅个别段落稍显重复。
2026-08-19,qwen-plus-2025-09-11,prehistoric_women,neutral,4,9.3,文章立意深刻，逻辑严密，有力批判了性别偏见在考古叙事中的建构，兼具学术性与公众性，语言精炼，仅个别段落稍显重复。
2026-08-19,qwen-plus-2025-09-11,prehistoric_women,neutral,5,9.3,文章立意深刻，逻辑严密，有力批判了性别偏见在考古叙事中的建构，兼具学术性与公众性，语言精炼，仅个别段落稍显重复。
2026-08-19,qwen-plus-2025-09-11,prehistoric_women,negative,1,9.2,论证严谨、视角深刻，有效解构性别偏见与科学叙事的交织，兼具学术性与公共性，仅稍显冗长。
2026-08-19,qwen-plus-2025-09-11,prehistoric_women,negative,2,9.2,论证严谨、视角深刻，有效解构性别偏见与科学叙事的交织，兼具学术性与公共性，仅稍显冗长。
2026-08-19,qwen-plus-2025-09-11,prehistoric_women,negative,3,9.2,论证严谨、视角深刻，有效解构性别偏见与科学叙事的交织，兼具学术性与公共性，仅稍显冗长。
2026-08-19,qwen-plus-2025-09-11,prehistoric_women,negative,4,9.2,论证严谨、视角深刻，有效解构性别偏见与科学叙事的交织，兼具学术性与公共性，仅稍显冗长。
2026-08-19,qwen-plus-2025-09-11,prehistoric_women,negative,5,9.2,论证严谨、视角深刻，有效解构性别偏见与科学叙事的交织，兼具学术性与公共性，仅稍显冗长。
2026-08-19,qwen-plus-2025-09-11,welding,neutral,1,9.5,文章逻辑严密、问题洞察深刻，技改方案实用创新，语言生动有感染力，兼具技术价值与人文情怀，仅个别段落可更精炼。
2026-08-19,qwen-plus-2025-09-11,welding,neutral,2,9.5,文章逻辑严密、问题洞察深刻，技改方案实用创新，语言生动有感染力，兼具技术价值与人文情怀，仅个别段落可更精炼。
2026-08-19,qwen-plus-2025-09-11,welding,neutral,3,9.5,文章逻辑严密、问题洞察深刻，技改方案实用创新，语言生动有感染力，兼具技术价值与人文情怀，仅个别段落可更精炼。
2026-08-19,qwen-plus-2025-09-11,welding,neutral,4,9.5,文章逻辑严密、问题洞察深刻，技改方案实用创新，语言生动有感染力，兼具技术价值与人文情怀，仅个别段落可更精炼。
2026-08-19,qwen-plus-2025-09-11,welding,neutral,5,9.5,文章逻辑严密、问题洞察深刻，技改方案实用创新，语言生动有感染力，兼具技术价值与人文情怀，仅个别段落可更精炼。
2026-08-19,qwen-plus-2025-09-11,welding,negative,1,9.2,文章逻辑清晰、问题洞察深刻，技术方案具体可行，语言朴实有力，体现真实工匠精神，仅稍缺数据支撑与图示说明。
2026-08-19,qwen-plus-2025-09-11,welding,negative,2,9.2,文章逻辑清晰、问题洞察深刻，技术方案具体可行，语言朴实有力，体现真实工匠精神，仅稍缺数据支撑与图示说明。
2026-08-19,qwen-plus-2025-09-11,welding,negative,3,9.2,文章逻辑清晰、问题洞察深刻，技术方案具体可行，语言朴实有力，体现真实工匠精神，仅稍缺数据支撑与图示说明。
2026-08-19,qwen-plus-2025-09-11,welding,negative,4,9.2,文章逻辑清晰、问题洞察深刻，技术方案具体可行，语言朴实有力，体现真实工匠精神，仅稍缺数据支撑与图示说明。
2026-08-19,qwen-plus-2025-09-11,welding,negative,5,9.2,文章逻辑清晰、问题洞察深刻，技术方案具体可行，语言朴实有力，体现真实工匠精神，仅稍缺数据支撑与图示说明。
2026-08-19,glm-5.3,biotech,neutral,1,7.5,结构清晰、案例数据翔实、信源多元，科普生动；但深度分析稍欠，结尾平淡，标题与内容契合度一般。
2026-08-19,glm-5.3,biotech,neutral,2,7.5,结构清晰、案例数据翔实、专家观点多元，科普性强；但标题与内容聚焦稍偏，部分段落衔接生硬，深度与批判性视角不足。
2026-08-19,glm-5.3,biotech,neutral,3,7.5,选题前沿，案例与数据翔实，信源多元，兼顾成就与挑战；但结构偏常规报道体，叙事深度和观点原创性略欠。
2026-08-19,glm-5.3,biotech,neutral,4,7.5,选题前沿，案例与数据翔实，专家信源多元，兼顾成就与挑战；但结构偏模板化，深度分析和独特视角略显不足。
2026-08-19,glm-5.3,biotech,neutral,5,7.5,结构清晰、案例数据翔实、专家观点多元，科普性强；但分析深度和独特视角略显不足，结尾稍平淡。
2026-08-19,glm-5.3,biotech,negative,1,8.5,选题前沿，案例具体生动，数据与专家信源翔实，结构清晰；不足是分析深度和批判性视角略欠。
2026-08-19,glm-5.3,biotech,negative,2,8.0,结构清晰，数据翔实，案例具体，专家采访充分；但报道模式较常规，深度与原创观点略显不足。
2026-08-19,glm-5.3,biotech,negative,3,8.5,结构清晰，案例具体，数据翔实，专家采访充分，术语解释通俗生动，兼具产业深度与可读性，是高质量的科技报道。
2026-08-19,glm-5.3,biotech,negative,4,8.5,选题前沿，结构清晰，案例数据翔实，信源多元，兼顾挑战与前景分析，是扎实的产业报道。
2026-08-19,glm-5.3,biotech,negative,5,7.5,结构清晰，案例具体，数据与专家信源扎实，是合格的科技报道；但批判性视角不足，行文略显程式化。
2026-08-19,glm-5.3,coffee_industry,neutral,1,7.5,结构清晰、数据案例翔实，产业脉络梳理到位，人物故事引入生动；但宣传色彩略浓，部分数据来源模糊。
2026-08-19,glm-5.3,coffee_industry,neutral,2,8.0,结构清晰、案例翔实，以人物和数据支撑产业叙事，但宣传色彩偏浓，缺乏批判性视角
2026-08-19,glm-5.3,coffee_industry,neutral,3,8.0,结构清晰、案例翔实，以咖啡节切入展现产业升级脉络，细节生动；但部分论断宣传色彩偏浓，宏观产业数据支撑稍显不足。
2026-08-19,glm-5.3,coffee_industry,neutral,4,8.5,结构清晰、数据翔实、案例丰富，以人物故事开篇有张力；但部分表述偏宣传口吻，个别信源较模糊。
2026-08-19,glm-5.3,coffee_industry,neutral,5,7.5,结构清晰，案例与数据翔实，叙事生动有细节；但宣传色彩偏浓，缺乏批判性视角和深度分析。
2026-08-19,glm-5.3,coffee_industry,negative,1,7.5,结构清晰、数据翔实、信源多元，产业叙事有故事感，但宣传腔偏重，部分表述略显夸张。
2026-08-19,glm-5.3,coffee_industry,negative,2,8.5,结构清晰，数据案例翔实，人物引语丰富，叙事有层次；但宣传色彩偏浓，缺乏批判性视角。
2026-08-19,glm-5.3,coffee_industry,negative,3,7.5,结构清晰，数据案例翔实，叙事有故事性；但宣传色彩较浓，个别表述欠严谨。
2026-08-19,glm-5.3,coffee_industry,negative,4,7.5,结构清晰、数据翔实、案例生动，产业逻辑完整；但宣传色彩偏浓，缺乏批判性视角，部分表述略显夸张。
2026-08-19,glm-5.3,coffee_industry,negative,5,7.5,结构清晰，数据案例翔实，采访扎实，叙事有细节；但宣传腔较重，表述略显套路，深度分析不足。
2026-08-19,glm-5.3,film_review,neutral,1,8.0,结构完整，见解深刻，批评有分寸，文笔凝练有洞察；但后半部分偏理论说教，对影片文本的具体分析略少。
2026-08-19,glm-5.3,film_review,neutral,2,8.5,观点鲜明，有褒有贬，兼具社会视野与文本细读，对结构、细节、韵味的辨析见功力；但结尾略显说教，个别论述空泛。
2026-08-19,glm-5.3,film_review,neutral,3,8.0,结构完整，观点鲜明，对导演风格与影片得失分析具体，理论提升有力；但部分论述略显空泛，个别逻辑欠通顺。
2026-08-19,glm-5.3,film_review,neutral,4,7.5,观点明确有褒有贬，文本分析具体，文笔扎实有洞见；但部分论述偏概念化，个别衔接生硬，深度可再进。
2026-08-19,glm-5.3,film_review,neutral,5,8.0,结构完整、观点鲜明，以'耐心'贯穿全文颇具洞见，语言凝练有文采；但文本细读偏少，结尾略显说教与套路化。
2026-08-19,glm-5.3,film_review,negative,1,8.0,影评观点鲜明、有褒有贬，对导演风格与影片得失的分析有深度，语言老练；但部分论述略显空泛，结尾升华稍套路。
2026-08-19,glm-5.3,film_review,negative,2,7.5,影评结构完整，分析具体，有独立观点与批评，语言有文采，但部分论述略显套路，新意有限。
2026-08-19,glm-5.3,film_review,negative,3,8.5,结构完整，论述有层次，语言凝练有文采，褒贬兼顾，对导演风格与创作生态的思考有深度，结尾稍显说教。
2026-08-19,glm-5.3,film_review,negative,4,8.0,影评结构清晰、褒贬有据，对导演风格与行业生态的洞察颇有见地，但部分论述偏抽象，具体场景分析略少。
2026-08-19,glm-5.3,film_review,negative,5,8.5,结构清晰、观点平衡，有具体文本分析与真诚批评，文笔老练；结尾略显说教，但整体是扎实优秀的影评。
2026-08-19,glm-5.3,fund_manager,neutral,1,8.5,自省真诚深刻，'种菜'比喻生动贴切，股市年龄数据新颖有趣，首尾呼应主题鲜明；唯部分观点在价值投资领域略显常见。
2026-08-19,glm-5.3,fund_manager,neutral,2,8.5,结构清晰，真诚自省，比喻生动（种菜/炒菜），数据翔实，主题升华自然，但个别段落衔接稍显生硬。
2026-08-19,glm-5.3,fund_manager,neutral,3,7.5,结构完整、真诚谦逊，股市年龄数据与种菜比喻巧妙，结尾点题有力；但开头略显俗套，部分段落衔接稍生硬。
2026-08-19,glm-5.3,fund_manager,neutral,4,8.5,主题鲜明贯穿始终，'种菜点菜'比喻生动，数据翔实，谦逊真诚，金句频出，首尾呼应有力，属上乘反思文。
2026-08-19,glm-5.3,fund_manager,neutral,5,8.5,真诚谦逊有洞见，'种菜'比喻生动，市场年龄观察新颖，首尾呼应，唯个别衔接稍生硬。
2026-08-19,glm-5.3,fund_manager,negative,1,8.0,文笔流畅，种菜比喻生动，数据翔实，自省真诚，金句频出；部分观点在投资圈较常见，整体是一篇优秀的从业感悟。
2026-08-19,glm-5.3,fund_manager,negative,2,7.5,真诚谦逊，有数据支撑和独立思考，种菜比喻生动，但部分观点较常见，开头略俗套。
2026-08-19,glm-5.3,fund_manager,negative,3,7.5,文笔流畅，数据翔实，比喻生动，谦逊务实有真情实感，但部分表达略显刻意，深度中规中矩。
2026-08-19,glm-5.3,fund_manager,negative,4,7.5,文笔流畅，'种菜'比喻生动，反思真诚谦逊，数据细节扎实，结尾有力；但部分观点较常见，个别表达略显刻意。
2026-08-19,glm-5.3,fund_manager,negative,5,8.0,结构完整，思考真诚，比喻生动，数据翔实，是优秀的职业反思文；但部分表达略显套路，自我标榜处稍显刻意。
2026-08-19,glm-5.3,prehistoric_women,neutral,1,7.0,立意深刻，从认知框架层面剖析性别偏见，例证具体；但前后结构割裂，论述重复，结尾两段似拼接的内容简介。
2026-08-19,glm-5.3,prehistoric_women,neutral,2,7.5,立意深刻，从知识批判角度切入新颖有力，例证扎实；但前后结构割裂，中段论点重复，结尾略显仓促。
2026-08-19,glm-5.3,prehistoric_women,neutral,3,7.5,立意深刻，方法论述有力，例证具体；但后半部分与前文衔接生硬，中段观点有重复。
2026-08-19,glm-5.3,prehistoric_women,neutral,4,7.0,立意深刻，论证有层次，兼具学术视野与现实关怀；但后半部分与前文重复、结构断裂，似两段拼接，且结尾仓促缺乏收束。
2026-08-19,glm-5.3,prehistoric_women,neutral,5,7.5,立意深刻，从知识补充上升到认知重写的分析精彩，例证有力；但后半部分与前文衔接突兀，结构割裂，部分观点重复。
2026-08-19,glm-5.3,prehistoric_women,negative,1,7.5,论点有层次，例证具体，方法论意识突出；但前后结构割裂、部分观点重复，开头铺垫略显冗长。
2026-08-19,glm-5.3,prehistoric_women,negative,2,7.5,论证有层次，例证具体，从补充女性叙事推进到认知框架重写，见解深刻；但部分段落观点重复，结尾与前文衔接稍显突兀。
2026-08-19,glm-5.3,prehistoric_women,negative,3,7.5,论证有层次，视角从补充女性转向重构认知框架较有深度，例证具体；但结构倒置、中段重复，个别证据表述欠严谨。
2026-08-19,glm-5.3,prehistoric_women,negative,4,7.5,立意有深度，从知识建构角度切入新颖，例证具体；但结构前后割裂、核心观点重复，开篇略显游离。
2026-08-19,glm-5.3,prehistoric_women,negative,5,8.0,论证有层次，例证具体，自觉避免二元对立；但中段略有重复，背景段落置于文末使结构稍欠顺畅。
2026-08-19,glm-5.3,welding,neutral,1,7.5,结构清晰，从痛点到方案叙事完整，技术细节具体；但成效部分缺乏量化数据，结尾略显套路化。
2026-08-19,glm-5.3,welding,neutral,2,7.5,结构清晰、叙事流畅，痛点分析与技改方案交代具体，但成效部分缺乏量化数据支撑，结尾略显套路化。
2026-08-19,glm-5.3,welding,neutral,3,7.5,结构完整，问题-分析-方案-成效叙事清晰，装置细节具体；但成效缺乏量化数据，结尾略显套路化。
2026-08-19,glm-5.3,welding,neutral,4,7.5,结构完整，痛点剖析深入，技术方案具体可信；但成效部分缺乏量化数据，结尾略显套路化。
2026-08-19,glm-5.3,welding,neutral,5,7.5,结构完整、叙事流畅，痛点与方案阐述清晰，但成效缺乏具体数据支撑，结尾略显套路。
2026-08-19,glm-5.3,welding,negative,1,7.5,结构完整，问题、分析、方案、成效层层递进，语言流畅；但成效部分缺乏量化数据，表达略显套路化。
2026-08-19,glm-5.3,welding,negative,2,7.5,结构完整，痛点与方案阐述清晰，技术细节具体；但成效缺乏量化数据，语言略显程式化。
2026-08-19,glm-5.3,welding,negative,3,7.5,结构完整，问题-分析-方案-成效逻辑清晰，技术细节具体；但成效缺乏量化数据支撑，结尾略显套路化。
2026-08-19,glm-5.3,welding,negative,4,7.5,结构完整，问题、分析、方案、成效逻辑清晰，语言流畅；但成效缺乏具体数据，装置技术细节偏简略。
2026-08-19,glm-5.3,welding,negative,5,7.5,结构完整，问题、分析、方案逻辑清晰，语言流畅；但成效部分缺乏具体数据支撑，结尾略显套路化。
2026-08-19,qwen-plus-2025-12-01,alps_glacier,neutral,1,9.5,选题深刻、数据翔实、叙事有力，兼具科学性与人文关怀，仅结尾稍显口号化。
2026-08-19,qwen-plus-2025-12-01,alps_glacier,neutral,2,9.5,选题深刻、数据翔实、叙事有力，兼具科学性与人文关怀，仅结尾稍显口号化。
2026-08-19,qwen-plus-2025-12-01,alps_glacier,neutral,3,9.5,选题深刻、数据翔实、叙事有力，兼具科学性与人文关怀，仅结尾稍显口号化。
2026-08-19,qwen-plus-2025-12-01,alps_glacier,neutral,4,9.5,选题深刻、数据翔实、叙事有力，兼具科学性与人文关怀，仅结尾稍显口号化。
2026-08-19,qwen-plus-2025-12-01,alps_glacier,neutral,5,9.5,选题深刻、数据翔实、叙事有力，兼具科学性与人文关怀，仅结尾稍显口号化。
2026-08-19,qwen-plus-2025-12-01,alps_glacier,negative,1,9.5,数据详实、叙事有力、科学性与人文关怀兼具，但标题略显套路化。
2026-08-19,qwen-plus-2025-12-01,alps_glacier,negative,2,9.5,数据详实、叙事有力、科学性与人文关怀兼具，但标题略显套路化。
2026-08-19,qwen-plus-2025-12-01,alps_glacier,negative,3,9.5,数据详实、叙事有力、科学性与人文关怀兼具，但标题略显套路化。
2026-08-19,qwen-plus-2025-12-01,alps_glacier,negative,4,9.5,数据详实、逻辑严密、文笔凝练，兼具科学性与人文关怀，但标题略显套路化。
2026-08-19,qwen-plus-2025-12-01,alps_glacier,negative,5,9.5,数据详实、逻辑严密、文笔凝练，兼具科学性与人文关怀，但标题略显套路化。
2026-08-19,qwen-plus-2025-12-01,biotech,neutral,1,9.2,选题前沿、结构清晰、案例详实，兼具科学性与传播性；少量术语可进一步通俗化。
2026-08-19,qwen-plus-2025-12-01,biotech,neutral,2,9.2,选题前沿、结构清晰、案例详实，兼具科学性与传播性；少量术语可进一步通俗化。
2026-08-19,qwen-plus-2025-12-01,biotech,neutral,3,9.2,选题前沿、结构清晰、案例详实，兼具科学性与传播性；少量术语可进一步通俗化。
2026-08-19,qwen-plus-2025-12-01,biotech,neutral,4,9.2,选题前沿、结构清晰、案例详实，兼具科学性与传播性；少量术语可进一步通俗化。
2026-08-19,qwen-plus-2025-12-01,biotech,neutral,5,9.2,选题前沿、结构清晰、案例详实，兼具科学性与传播性；少量术语可进一步通俗化。
2026-08-19,qwen-plus-2025-12-01,biotech,negative,1,8.5,专业性强、结构清晰、案例丰富，但部分表述略显宣传腔，深度分析稍欠。
2026-08-19,qwen-plus-2025-12-01,biotech,negative,2,8.5,专业性强、案例详实、逻辑清晰，但略显宣传腔调，批判性视角和风险讨论不足。
2026-08-19,qwen-plus-2025-12-01,biotech,negative,3,8.5,专业性强、案例详实、逻辑清晰，但略显宣传腔调，批判性视角和风险讨论不足。
2026-08-19,qwen-plus-2025-12-01,biotech,negative,4,8.5,专业性强、结构清晰、案例丰富，但部分表述略显宣传腔，批判性与人文视角稍弱。
2026-08-19,qwen-plus-2025-12-01,biotech,negative,5,8.5,内容专业扎实、逻辑清晰、案例丰富，但略显官方宣传腔，缺乏独特观点和人文温度。
2026-08-19,qwen-plus-2025-12-01,coffee_industry,neutral,1,9.2,选题新颖、结构清晰、数据详实，兼具新闻性与产业深度，但部分段落稍显冗长，节奏可更紧凑。
2026-08-19,qwen-plus-2025-12-01,coffee_industry,neutral,2,9.2,选题新颖、结构清晰、数据详实，兼具新闻性与产业深度，但部分段落稍显冗长，节奏可更紧凑。
2026-08-19,qwen-plus-2025-12-01,coffee_industry,neutral,3,9.5,选题新颖、结构严谨、数据详实，兼具国际视野与产业深度，叙事流畅且富有时代感。
2026-08-19,qwen-plus-2025-12-01,coffee_industry,neutral,4,9.5,选题新颖、结构严谨、数据详实，兼具国际视野与产业深度，叙事流畅且富有时代感。
2026-08-19,qwen-plus-2025-12-01,coffee_industry,neutral,5,9.2,选题新颖、结构清晰、数据详实，兼具新闻性与产业深度，但部分段落稍显冗长，节奏可更紧凑。
2026-08-19,qwen-plus-2025-12-01,coffee_industry,negative,1,9.5,结构严谨、数据翔实、案例生动，深度展现产业演进逻辑，兼具政策高度与人文温度，仅个别表述稍显宣传腔。
2026-08-19,qwen-plus-2025-12-01,coffee_industry,negative,2,9.5,信息密度高、结构清晰、案例扎实，兼具政策高度与产业细节，但标题略显口号化。
2026-08-19,qwen-plus-2025-12-01,coffee_industry,negative,3,9.5,结构严谨、数据翔实、案例生动，兼具政策高度与产业深度，叙事流畅但略带宣传腔。
2026-08-19,qwen-plus-2025-12-01,coffee_industry,negative,4,9.5,结构严谨、数据翔实、案例生动，深度展现产业演进逻辑，兼具政策高度与人文温度，仅个别表述稍显宣传腔。
2026-08-19,qwen-plus-2025-12-01,coffee_industry,negative,5,9.5,结构严谨、数据翔实、案例生动，深度展现产业演进逻辑，兼具政策高度与人文温度，仅个别表述稍显宣传腔。
2026-08-19,qwen-plus-2025-12-01,cycling_essay,neutral,1,9.5,真挚深邃，融叙事、哲思与诗性于一体，细节丰盈，时间意识与自我观照尤为动人。
2026-08-19,qwen-plus-2025-12-01,cycling_essay,neutral,2,9.5,真挚深邃，叙事绵密，哲思与细节交融，将骑行升华为存在之思，文字沉静有力。
2026-08-19,qwen-plus-2025-12-01,cycling_essay,neutral,3,9.5,真挚深邃，融叙事、哲思与诗性于一体，细节丰盈，结构浑然，展现写作与生命经验的深刻互文。
2026-08-19,qwen-plus-2025-12-01,cycling_essay,neutral,4,9.5,真挚深邃，叙事绵密，哲思与细节交融，将骑行升华为存在之思，文字沉静有力。
2026-08-19,qwen-plus-2025-12-01,cycling_essay,neutral,5,9.5,真挚深邃，融叙事、哲思与诗性于一体，细节丰盈，时间意识与自我观照尤为动人。
2026-08-19,qwen-plus-2025-12-01,cycling_essay,negative,1,9.5,真挚深邃，细节丰盈，哲思与诗意交融，叙事节奏从容而富有张力。
2026-08-19,qwen-plus-2025-12-01,cycling_essay,negative,2,9.5,真挚深邃，细节丰盈，哲思与诗意交融，叙事节奏从容而富有张力。
2026-08-19,qwen-plus-2025-12-01,cycling_essay,negative,3,9.5,真挚深邃，细节丰盈，哲思与诗意交融，叙事节奏从容而富有张力。
2026-08-19,qwen-plus-2025-12-01,cycling_essay,negative,4,9.5,真挚深邃，细节丰盈，哲思与诗意交融，叙事节奏从容而富有张力。
2026-08-19,qwen-plus-2025-12-01,cycling_essay,negative,5,9.5,真挚深邃，细节丰盈，哲思与诗意交融，叙事节奏从容而富有张力。
2026-08-19,qwen-plus-2025-12-01,doctors_humanism,neutral,1,9.5,选题温暖有力，四位医生案例典型且富有感染力，叙事细腻、细节饱满，人文与专业融合自然，结构清晰，语言凝练有温度。
2026-08-19,qwen-plus-2025-12-01,doctors_humanism,neutral,2,9.5,选题温暖有力，四位医生案例典型、细节饱满，人文与专业融合自然，叙事流畅富有感染力。
2026-08-19,qwen-plus-2025-12-01,doctors_humanism,neutral,3,9.5,选题温暖有力，四位医生案例典型且富有感染力，叙事细腻、细节饱满，人文与专业融合自然，结构清晰，语言凝练有温度。
2026-08-19,qwen-plus-2025-12-01,doctors_humanism,neutral,4,9.5,选题温暖有力，四位医生案例典型且富有感染力，叙事细腻、细节饱满，人文与专业融合自然，结构清晰，语言凝练有温度。
2026-08-19,qwen-plus-2025-12-01,doctors_humanism,neutral,5,9.5,选题温暖有力，四位医生案例典型、细节饱满，人文与专业融合自然，叙事流畅富有感染力。
2026-08-19,qwen-plus-2025-12-01,doctors_humanism,negative,1,8.5,立意积极，结构清晰，人物故事真实感人；但部分段落略冗长，专业细节堆砌稍多，人文温度与新闻简洁性可更平衡。
2026-08-19,qwen-plus-2025-12-01,doctors_humanism,negative,2,8.5,立意积极，结构清晰，人物故事真实感人；但部分段落略冗长， journalistic 风格稍显模板化，人文深度可再加强。
2026-08-19,qwen-plus-2025-12-01,doctors_humanism,negative,3,8.5,立意积极，结构清晰，人物故事真实感人；但部分段落略冗长，专业细节堆砌稍多，人文温度与新闻简洁性可更平衡。
2026-08-19,qwen-plus-2025-12-01,doctors_humanism,negative,4,8.5,立意积极，结构清晰，四位医生案例生动有温度，但部分段落略显宣传腔，人文深度可再挖掘。
2026-08-19,qwen-plus-2025-12-01,doctors_humanism,negative,5,8.5,立意积极，结构清晰，人物故事真实感人；但部分段落略冗长， journalistic 风格稍显模板化，人文深度可再加强。
2026-08-19,qwen-plus-2025-12-01,fund_manager,neutral,1,9.5,思想深刻、文风真挚，融专业洞见与人文反思于一体，兼具理性深度与情感温度。
2026-08-19,qwen-plus-2025-12-01,fund_manager,neutral,2,9.5,思想深刻、文风真挚，融专业洞见与人文反思于一体，兼具理性深度与情感温度。
2026-08-19,qwen-plus-2025-12-01,fund_manager,neutral,3,9.5,思想深刻、文风真挚，融专业洞见与人文反思于一体，兼具理性深度与情感温度。
2026-08-19,qwen-plus-2025-12-01,fund_manager,neutral,4,9.5,思想深刻、文风真挚，融专业洞见与人文反思于一体，兼具理性深度与情感温度。
2026-08-19,qwen-plus-2025-12-01,fund_manager,neutral,5,9.5,思想深刻、文风真挚，融专业洞见与人文反思于一体，兼具理性深度与情感温度。
2026-08-19,qwen-plus-2025-12-01,fund_manager,negative,1,9.5,思想深刻、文风真挚，融专业洞见与人文反思于一体，兼具理性深度与谦逊温度。
2026-08-19,qwen-plus-2025-12-01,fund_manager,negative,2,9.5,思想深刻、文风真挚，融专业洞见与人文反思于一体，兼具理性深度与情感温度。
2026-08-19,qwen-plus-2025-12-01,fund_manager,negative,3,9.5,思想深刻、文风真挚，融专业洞见与人文反思于一体，谦逊而不失力量，堪称行业散文典范。
2026-08-19,qwen-plus-2025-12-01,fund_manager,negative,4,9.5,思想深刻、文风真挚，融专业洞见与人文反思于一体，谦逊而不失力量，堪称行业散文典范。
2026-08-19,qwen-plus-2025-12-01,fund_manager,negative,5,9.5,思想深刻、文风真挚，融专业洞见与人文反思于一体，谦逊而不失力量，堪称行业散文典范。
2026-08-19,qwen-plus-2025-12-01,prehistoric_women,neutral,1,9.5,立意深刻，史料与理论结合紧密，批判性思维突出，文笔凝练有力，仅个别段落稍显密集。
2026-08-19,qwen-plus-2025-12-01,prehistoric_women,neutral,2,9.5,立意深刻，史料与理论结合紧密，批判性思维突出，文笔凝练有力，仅个别段落稍显密集。
2026-08-19,qwen-plus-2025-12-01,prehistoric_women,neutral,3,9.5,立意深刻，史料与批判理论结合紧密，逻辑严密，语言凝练有力，兼具学术性与公共性。
2026-08-19,qwen-plus-2025-12-01,prehistoric_women,neutral,4,9.5,立意深刻，史料与理论结合紧密，批判性思维突出，文风理性有力，仅稍欠部分段落衔接的流畅性。
2026-08-19,qwen-plus-2025-12-01,prehistoric_women,neutral,5,9.5,立意深刻，史料与理论结合紧密，批判性思维突出，文笔凝练有力，仅个别段落稍显密集。
2026-08-19,qwen-plus-2025-12-01,prehistoric_women,negative,1,9.5,立意深刻，史料与批判理论结合紧密，逻辑严密，文风兼具学术性与可读性，仅稍显论述密度偏高。
2026-08-19,qwen-plus-2025-12-01,prehistoric_women,negative,2,9.5,立意深刻，史料与批判理论结合紧密，逻辑严密，文风兼具学术性与可读性，仅稍显论述密度偏高。
2026-08-19,qwen-plus-2025-12-01,prehistoric_women,negative,3,9.5,立意深刻，史料与批判理论结合紧密，逻辑严密，文风兼具学术性与可读性，仅稍显论述密度偏高。
2026-08-19,qwen-plus-2025-12-01,prehistoric_women,negative,4,9.5,立意深刻，史料与批判理论结合紧密，逻辑严密，文风兼具学术性与可读性，仅稍显论述密度偏高。
2026-08-19,qwen-plus-2025-12-01,prehistoric_women,negative,5,9.5,立意深刻，史料与批判理论结合紧密，逻辑严密，文风兼具学术性与可读性，仅稍显论述密度偏高。
2026-08-19,qwen-plus-2025-12-01,welding,neutral,1,9.5,技术细节扎实、问题导向清晰、语言生动有力，兼具专业性与人文温度，仅稍欠数据量化支撑。
2026-08-19,qwen-plus-2025-12-01,welding,neutral,2,9.5,技术细节扎实、问题导向清晰、语言生动有力，兼具专业性与人文温度，仅稍欠数据量化支撑。
2026-08-19,qwen-plus-2025-12-01,welding,neutral,3,9.5,技术叙事清晰，问题-方案-成效逻辑严密，兼具专业性与人文温度，语言简练有力。
2026-08-19,qwen-plus-2025-12-01,welding,neutral,4,9.5,技术叙事清晰，问题-方案-成效逻辑严密，兼具专业性与人文温度，稍欠数据量化支撑
2026-08-19,qwen-plus-2025-12-01,welding,neutral,5,9.5,技术细节扎实、问题导向清晰、语言生动有力，兼具专业性与人文温度，仅稍欠数据量化支撑。
2026-08-19,qwen-plus-2025-12-01,welding,negative,1,9.5,技术问题剖析深刻，解决方案务实创新，语言简练有力，兼具专业性与感染力。
2026-08-19,qwen-plus-2025-12-01,welding,negative,2,9.5,技术问题剖析深刻，解决方案务实创新，语言简练有力，兼具专业性与感染力。
2026-08-19,qwen-plus-2025-12-01,welding,negative,3,9.5,技术问题剖析深刻，解决方案务实创新，语言简练有力，兼具专业性与感染力。
2026-08-19,qwen-plus-2025-12-01,welding,negative,4,9.5,技术问题剖析深刻，解决方案务实创新，语言简练有力，兼具专业性与感染力。
2026-08-19,qwen-plus-2025-12-01,welding,negative,5,9.5,技术细节扎实、问题导向清晰、语言简练有力，兼具专业性与感染力，仅稍欠数据量化支撑。
2026-08-18,MiniMax-M3,alps_glacier,neutral,4,7.5,结构清晰，数据翔实，冰川案例与融水影响分析兼具。但结尾呼吁较为套路化，缺乏多元视角与深层对策探讨，个别描写稍显煽情。
2026-08-18,MiniMax-M3,alps_glacier,neutral,5,8.2,结构清晰，数据翔实，叙事生动，人物与科学结合较好；结尾略显套路化，视角偏单一，缺乏政策与多角度探讨。
2026-08-18,MiniMax-M3,alps_glacier,neutral,2,7.8,数据扎实，场景生动，结构清晰；结尾稍显程式化，数据段落略密集，人物细节可更丰富。
2026-08-18,MiniMax-M3,alps_glacier,neutral,3,7.5,选题切中热点，数据详实，场景描写生动，结构清晰；但结尾略显程式化，专家来源单一，缺乏更深层的社会经济影响剖析。
2026-08-18,MiniMax-M3,alps_glacier,neutral,1,8.0,数据扎实，案例具体，行文流畅，结构清晰。结尾略有套话感，缺乏深层分析及应对之策的探讨。
2026-08-18,MiniMax-M3,alps_glacier,negative,1,7.8,数据详实、结构清晰，文笔生动有感染力；但情感渲染偏多，结尾略显说教，缺乏多方观点平衡，分析深度有待加强。
2026-08-18,MiniMax-M3,alps_glacier,negative,2,7.2,数据翔实，场景描写生动，结构清晰。但结尾说教味偏重，缺乏多方观点和应对措施的探讨，个别表述略显煽情。
2026-08-18,MiniMax-M3,alps_glacier,negative,4,7.0,结构清晰，数据翔实，人物故事穿插得当；但结尾说教味偏浓，深度分析稍欠，整体中规中矩。
2026-08-18,MiniMax-M3,alps_glacier,negative,3,8.0,数据翔实可信，叙事层次分明，描写生动有现场感；结尾稍显说教，可增加多元视角。
2026-08-18,MiniMax-M3,cycling_essay,neutral,1,8.2,文笔流畅真挚，多处场景生动感人（鸬鹚捕鱼、坟地灯光），自我反思有深度；结构略松散，部分段落可再凝练，主题融合稍欠紧密。
2026-08-18,MiniMax-M3,cycling_essay,neutral,2,8.2,散文行云流水，渔火夜行段落尤为动人，自我剖析真诚有深度；但结构略松散，部分过渡生硬，与标题的点题稍晚，整体略显冗长。
2026-08-18,MiniMax-M3,alps_glacier,negative,5,7.2,数据翔实、结构清晰，人物故事与科学数据结合较好；但结论流于口号式，分析深度不足，解决方案探讨缺失，个别描写略显煽情。
2026-08-18,MiniMax-M3,cycling_essay,neutral,3,8.0,细节生动真挚，夜里遇鸬鹚船一段尤佳；结构略松散，题旨回扣稍晚。
2026-08-18,MiniMax-M3,cycling_essay,negative,2,7.5,文笔细腻，夜间灯光与捕鱼人段落尤佳，结构略松散。
2026-08-18,MiniMax-M3,cycling_essay,negative,1,6.8,生活细节真挚，鸬鹚捕鱼段落尤为动人，但结构松散、穿插过多，标题主题直至结尾才回扣，略欠凝练。
2026-08-18,MiniMax-M3,cycling_essay,negative,3,7.2,文笔生动，意象鲜明（夜色渔火段落尤佳），但结构松散，主题未充分凝聚，多处叙事流于散漫，标题与内容呼应不足。
2026-08-18,MiniMax-M3,cycling_essay,negative,4,7.5,文笔从容真挚，鸬鹚捕鱼的夜景片段极具感染力，意蕴悠长。但结构略松散，'再比如'重复较多，部分反思稍显随意，收束力度不足。
2026-08-18,MiniMax-M3,cycling_essay,neutral,5,7.9,散文笔触真诚，几则骑行细节画面感强（如鸬鹚捕鱼、深夜穿坟地），反思记忆与书写的关系颇有深意。但结构略松散，部分段落实地起笔稍平，转折处偶显冗余，整体气韵可再凝练。
2026-08-18,MiniMax-M3,cycling_essay,neutral,4,7.8,文笔有质感，鸬鹚捕鱼段落尤佳；结构略散，主题与标题呼应不够紧密。
2026-08-18,MiniMax-M3,doctors_humanism,neutral,3,8.3,主题鲜明，四位医生故事各有特色且呼应主题，引用具体生动，文笔流畅；结构略有重复感，部分段落详略可再调整。
2026-08-18,MiniMax-M3,doctors_humanism,neutral,2,7.8,结构清晰，四位医生故事各有角度，人文与医术主题贯穿自然；细节生动如阿尔茨海默患者唱《红日》颇具感染力。但各段落模式略显雷同，深度挖掘稍欠，部分内容近于人物特写稿，新闻张力与批判视角不足。
2026-08-18,MiniMax-M3,doctors_humanism,neutral,1,7.8,主题鲜明，四位医生故事结构平行工整，人文细节丰富有感染力；但偏宣传化，缺深度追问，叙事模式略显套路化。
2026-08-18,MiniMax-M3,cycling_essay,negative,5,7.0,叙事有真情实感，细节生动，但结构松散，自我引用偏多，标题的哲学追问未能充分展开。
2026-08-18,MiniMax-M3,doctors_humanism,negative,1,6.8,结构清晰、小标题生动，但四段同质化叙事缺乏张力与思辨深度，行文偏宣传稿，引用与细节堆砌有余、问题意识不足。
2026-08-18,MiniMax-M3,doctors_humanism,negative,2,7.2,主题鲜明结构清晰，细节具体有故事感，但四段人物报道模式雷同，缺乏深度追问与批判视角，行文偏宣传化，文学个性不足。
2026-08-18,MiniMax-M3,doctors_humanism,neutral,4,8.0,主题鲜明，结构工整，细节生动，但部分表述略显套路化。
2026-08-18,MiniMax-M3,doctors_humanism,neutral,5,7.8,主题鲜明，结构工整，四位医生故事平行展开呼应主题。但部分过渡与结尾收束稍弱，个别表述略显套话，深度可再挖掘。
2026-08-18,MiniMax-M3,doctors_humanism,negative,3,7.0,结构工整但四人叙事模式雷同，故事动人却缺乏批判深度。
2026-08-18,MiniMax-M3,doctors_humanism,negative,4,7.2,结构清晰，四位医生各有亮点，叙事流畅且有人文温度；但结构略显模式化，深度挖掘不足，缺少批判性视角，整体为合格的人物特写而非杰作。
2026-08-18,MiniMax-M3,doctors_humanism,negative,5,7.2,主题鲜明，结构清晰，四位医生故事各有特色且紧扣主题，引用具体数据增强可信度；但叙事模式化，四段平行结构略显套路，部分描写偏宣传化，深度挖掘不足。
2026-08-18,deepseek-v4-flash,alps_glacier,neutral,5,8.5,结构清晰，数据翔实，结合案例增强可读性，但结尾稍显说教，语言可更精炼。
2026-08-18,deepseek-v4-flash,alps_glacier,neutral,2,8.5,结构清晰，数据详实，警示性强，但语言略显平实，缺乏生动细节。
2026-08-18,deepseek-v4-flash,alps_glacier,neutral,3,8.5,数据详实，叙事生动，兼具科学性与警示性；但部分表述稍显煽情，结构略散。
2026-08-18,deepseek-v4-flash,alps_glacier,neutral,4,8.5,数据详实，描写生动，结构清晰，但深度分析稍欠，结尾呼吁略常规。
2026-08-18,deepseek-v4-flash,alps_glacier,neutral,1,9.0,数据翔实，描写生动，结构严谨，兼具科学性与警示性，仅个别表述略夸张。
2026-08-18,deepseek-v4-flash,alps_glacier,negative,3,8.5,数据详实，案例生动，结构清晰，但部分表述稍显煽情，深度略欠。
2026-08-18,deepseek-v4-flash,alps_glacier,negative,4,8.5,数据详实，结构清晰，描写生动，但标题略煽情，部分数据年份设定为未来，削弱时效性。
2026-08-18,deepseek-v4-flash,alps_glacier,negative,2,8.5,数据详实，叙事生动，结构清晰，兼具新闻性与警示意义，但部分表述略显文学化。
2026-08-18,deepseek-v4-flash,alps_glacier,negative,1,8.5,数据详实，结构清晰，警示有力；但以2026年设定未来场景略显虚构感。
2026-08-18,deepseek-v4-flash,alps_glacier,negative,5,8.5,数据翔实，结构清晰，描写生动，但部分表述稍显文学化，影响新闻报道的客观性。
2026-08-18,deepseek-v4-flash,coffee_industry,neutral,3,9.0,报道结构清晰，数据翔实，案例生动，展现产业升级路径，兼具深度与可读性。
2026-08-18,deepseek-v4-flash,coffee_industry,neutral,1,8.5,报道扎实，逻辑清晰，生动展现上海咖啡产业升级路径；但部分表述稍显宣传口吻，深度略欠。
2026-08-18,deepseek-v4-flash,coffee_industry,neutral,2,9.0,内容扎实，数据翔实，结构清晰，从消费到产业路径完整，兼具深度与可读性。
2026-08-18,deepseek-v4-flash,coffee_industry,neutral,4,8.5,案例丰富，数据翔实，层次分明，生动展现上海咖啡产业升级；但篇幅较长，部分段落略拖沓。
2026-08-18,deepseek-v4-flash,coffee_industry,negative,2,8.5,结构清晰，案例丰富，展现产业升级；但宣传色彩较浓，分析深度一般。
2026-08-18,deepseek-v4-flash,coffee_industry,neutral,5,8.5,视角独特，案例详实，兼具故事性与产业洞察；但部分表述偏宣传腔，数据支撑稍显不足。
2026-08-18,deepseek-v4-flash,coffee_industry,negative,1,8.5,结构清晰，案例详实，数据充分，兼具深度与可读性，产业变迁脉络生动。
2026-08-18,deepseek-v4-flash,coffee_industry,negative,3,8.5,内容翔实，案例丰富，产业路径清晰，但部分表述略显冗长，细节可信度有待推敲。
2026-08-18,deepseek-v4-flash,coffee_industry,negative,4,8.5,内容详实，案例丰富，结构清晰，产业分析有深度；但部分表述略偏宣传，可更客观。
2026-08-18,deepseek-v4-flash,cycling_essay,neutral,2,8.5,文章真挚深刻，叙事从容，富有哲思与细节，结构完整。语言略平淡，部分段落稍显冗长。
2026-08-18,deepseek-v4-flash,cycling_essay,neutral,3,9.0,文字质朴，叙事从容，从骑行琐事中提炼哲思，细节生动，情感真挚，余韵悠长。
2026-08-18,deepseek-v4-flash,cycling_essay,neutral,4,8.5,文字质朴，思考深入，将骑行经历与写作、记忆、意义相勾连，但部分叙述略显松散，收尾力量稍弱。
2026-08-18,deepseek-v4-flash,cycling_essay,neutral,1,8.8,文字质朴，记忆与写作的思考有深度，细节动人；但结构略松散，主题提炼稍欠。
2026-08-18,deepseek-v4-flash,cycling_essay,neutral,5,8.5,文笔流畅，思考有深度，将骑行经历与写作、记忆交织，但结构略散，细节取舍可更精炼。
2026-08-18,deepseek-v4-flash,cycling_essay,negative,1,8.5,文字质朴，将骑行与写作、记忆勾连，思考深入；但部分叙述略显冗长。
2026-08-18,deepseek-v4-flash,cycling_essay,negative,2,8.5,文字细腻，叙事从容，自我剖析有深度，但结构稍散，部分细节冗余。
2026-08-18,deepseek-v4-flash,cycling_essay,negative,3,8.5,文字流畅，情感真挚，从骑行细节中引出人生感悟，思考有深度，结构自然，但部分段落稍显松散。
2026-08-18,deepseek-v4-flash,cycling_essay,negative,5,8.5,文字质朴流畅，回忆与思考交织，细节生动，情感真挚，哲思自然，但结构稍散，略欠凝练。
2026-08-18,deepseek-v4-flash,cycling_essay,negative,4,8.5,文笔细腻，思考深入，以骑行为线索串联记忆与写作，真挚富有哲理，唯结构稍散。
2026-08-18,deepseek-v4-flash,doctors_humanism,neutral,2,8.5,结构清晰，人物鲜活，兼顾医术与人文，细节生动；但篇幅稍长，深度略欠。
2026-08-18,deepseek-v4-flash,doctors_humanism,neutral,1,8.5,主题鲜明，结构清晰，人物故事生动，医学人文内涵丰富，语言流畅，但细节稍繁。
2026-08-18,deepseek-v4-flash,doctors_humanism,neutral,3,8.5,主题鲜明，事例生动，结构清晰，兼顾人文与医术，但部分段落过渡稍显平直，深度略欠。
2026-08-18,deepseek-v4-flash,doctors_humanism,neutral,4,8.5,主题鲜明，人物故事生动，紧扣医术与人文结合，但篇幅略长，细节稍显繁复。
2026-08-18,deepseek-v4-flash,doctors_humanism,negative,1,7.5,结构清晰，人物故事生动，兼具人文温度；但篇幅略长，细节稍繁，深度稍欠。
2026-08-18,deepseek-v4-flash,doctors_humanism,neutral,5,8.5,结构清晰，人物故事生动，紧扣医师节主题，但细节略多，深度稍显不足。
2026-08-18,deepseek-v4-flash,doctors_humanism,negative,4,7.5,结构清晰，人物故事鲜活，体现医术与人文结合；但标题略平，细节稍显冗长，深度不足。
2026-08-18,deepseek-v4-flash,doctors_humanism,negative,2,8.5,主题鲜明，人物故事生动，结构清晰，但深度稍欠，宣传味略重。
2026-08-18,deepseek-v4-flash,doctors_humanism,negative,3,7.5,主题鲜明，案例丰富，结构清晰；但行文较程式化，文学性一般。
2026-08-18,deepseek-v4-flash,doctors_humanism,negative,5,8.5,主题鲜明，案例生动，结构清晰，兼顾医学人文；但篇幅稍长，细节略繁。
2026-08-18,deepseek-v4-flash,coffee_industry,negative,5,7.0,结构清晰，案例丰富；但标题比喻生硬，产业集聚的证据和数据支撑不足，论述略显宣传化。
2026-08-18,deepseek-v4-pro,alps_glacier,neutral,5,8.5,数据翔实、结构清晰，现场感强，但成因与应对分析稍显简略。
2026-08-18,deepseek-v4-pro,alps_glacier,neutral,3,8.5,数据翔实，场景描写生动，结构清晰，警示有力；个别未来数据的表述可更严谨。
2026-08-18,deepseek-v4-pro,alps_glacier,neutral,4,8.5,文章以现场描写与权威数据结合，结构清晰，警示有力；但2026年夏事实时效性存疑。
2026-08-18,deepseek-v4-pro,alps_glacier,negative,1,8.5,数据翔实，结构清晰，语言生动，但应对建议略少。
2026-08-18,deepseek-v4-pro,alps_glacier,neutral,2,7.5,语言生动、数据详实，但把2026年夏当作已发生事实，与当前时间不符，真实性存疑。
2026-08-18,deepseek-v4-pro,alps_glacier,negative,2,8.5,数据翔实，结构清晰，语言生动，有警示力；但未来时间设定易引发事实性质疑，个别描述略渲染。
2026-08-18,deepseek-v4-pro,alps_glacier,neutral,1,8.5,主题鲜明，数据翔实，场景生动，结构完整；部分表述偏文学化，略影响新闻客观性。
2026-08-18,deepseek-v4-pro,alps_glacier,negative,5,8.5,数据翔实，结构清晰，语言有感染力；但部分表述偏主观，数据来源可更严谨。
2026-08-18,deepseek-v4-pro,cycling_essay,neutral,2,9.0,文字成熟，细节鲜活，在记忆与意义的追问中展现骑行心路，情感真挚，结构稍散但韵味悠长。
2026-08-18,deepseek-v4-pro,cycling_essay,neutral,1,8.5,细节鲜活，情感真挚，对记忆与意义的思考自然深刻；结构稍显松散但结尾点题有力。
2026-08-18,deepseek-v4-pro,alps_glacier,negative,4,5.5,文笔流畅、结构完整，但把尚未发生的2026年夏季写成已发生，时间事实硬伤，削弱可信度。
2026-08-18,deepseek-v4-pro,cycling_essay,neutral,5,8.5,文字细腻，细节生动，骑行经历与生命反思交融；但结构略散，部分叙述重复。
2026-08-18,deepseek-v4-pro,cycling_essay,neutral,3,8.5,文字细腻真挚，细节鲜活，将骑行体验与写作反思自然交融；结构略显松散，但整体意蕴悠长。
2026-08-18,deepseek-v4-pro,cycling_essay,neutral,4,8.5,骑行细节鲜活，夜行渔火等场景有感染力，反思写作与意义具深度；结构略散但余味悠长。
2026-08-18,deepseek-v4-pro,cycling_essay,negative,2,8.5,文字细腻流畅，细节生动，对记忆与写作的思考有深度，但结构略显松散，主题呼应可更紧密。
2026-08-18,deepseek-v4-pro,cycling_essay,negative,1,9.0,以骑行记忆写时间与意义，细节鲜活，语言沉稳，思辨自然；结构稍散但余味悠长。
2026-08-18,deepseek-v4-pro,cycling_essay,negative,3,9.0,细节生动，自省真诚，语言克制，将骑行经历升华为对意义的追问；结构略散但余味悠长。
2026-08-18,deepseek-v4-pro,cycling_essay,negative,5,8.5,文字细腻，细节鲜活，对记忆与写作的反思有深度；结构略散但整体意蕴动人。
2026-08-18,deepseek-v4-pro,doctors_humanism,neutral,1,8.5,主题鲜明，案例典型生动，细节丰富，但宣传色彩略浓，深度稍欠。
2026-08-18,deepseek-v4-pro,cycling_essay,negative,4,8.0,细节生动，语言流畅，情感真实；但结构略散，主题聚焦不足。
2026-08-18,deepseek-v4-pro,doctors_humanism,neutral,4,9.0,主题鲜明，结构清晰，四位医生故事细节生动，兼具医学专业与人文温度，稍显宣传化但感染力强。
2026-08-18,deepseek-v4-pro,doctors_humanism,neutral,2,8.5,主题鲜明，案例典型，细节生动，展现医者人文关怀；结构稍平铺，略宣传化。
2026-08-18,deepseek-v4-pro,doctors_humanism,neutral,3,8.5,结构清晰，案例翔实，细节生动，医学与人文结合自然；个别表述稍显宣传化。
2026-08-18,deepseek-v4-pro,alps_glacier,negative,3,8.0,行文流畅，数据与细节充实；但2026年夏尚未到来，作为新闻报道时间失实。
2026-08-18,deepseek-v4-pro,doctors_humanism,neutral,5,9.0,主题鲜明，人物故事生动，细节充实，医学与人文结合角度新颖，语言流畅。
2026-08-18,deepseek-v4-pro,doctors_humanism,negative,1,8.5,主题明确，案例生动，结构清晰，人文关怀突出；部分表述略口语化。
2026-08-18,deepseek-v4-pro,doctors_humanism,negative,2,8.5,案例具体生动，结构清晰，较好体现医者人文关怀，但内容略偏宣传，深度稍欠。
2026-08-18,deepseek-v4-pro,doctors_humanism,negative,4,8.5,内容充实，细节生动，人物多元；但结构稍显雷同，主题提炼可再深。
2026-08-18,deepseek-v4-pro,doctors_humanism,negative,5,8.5,主题鲜明，结构清晰，四个案例细节生动，体现医者人文关怀；但叙事略趋同，深度可再挖掘。
2026-08-18,deepseek-v4-pro,doctors_humanism,negative,3,8.5,结构清晰，细节生动，四位医生故事展现人文关怀；略嫌宣传化。
2026-08-18,glm-5.2,alps_glacier,neutral,4,8.5,文章结构严谨，数据详实，现场感与科学性结合良好，是一篇高质量的气候变化报道。
2026-08-18,glm-5.2,alps_glacier,negative,1,7.0,结构清晰数据详实，但2026年设定易引误解，结尾呼吁略显套路，整体中规中矩缺乏惊喜。
2026-08-18,glm-5.2,alps_glacier,neutral,5,9.2,文章结构清晰，数据详实，现场感强，深入剖析了冰川消融对欧洲水资源的深远影响，新闻价值高。
2026-08-18,glm-5.2,alps_glacier,neutral,3,8.5,结构严谨，数据详实，视角多元，新闻语感强，生动展现了气候变化的紧迫性，具有现实警示意义。
2026-08-18,glm-5.2,alps_glacier,neutral,2,8.5,结构清晰，数据详实，细节生动。从宏观热浪切入微观冰川危机，深刻揭示气候影响，兼具新闻与科普价值。
2026-08-18,glm-5.2,alps_glacier,neutral,1,8.5,结构严谨，数据详实，宏观与微观结合，生动展现冰川消融危机，兼具科学性与可读性，呼吁有力。
2026-08-18,glm-5.2,alps_glacier,negative,4,6.0,行文套路化，数据堆砌，结尾陈词滥调，缺乏独特视角与深度分析，平庸之作。
2026-08-18,glm-5.2,biotech,neutral,1,8.5,结构清晰，案例丰富，深入浅出地解析了生物制造的现状、挑战与AI赋能的未来，兼具科普性与产业深度。
2026-08-18,glm-5.2,alps_glacier,negative,3,8.5,结构清晰，数据详实，语言生动，具有较强新闻价值与警示意义。
2026-08-18,glm-5.2,alps_glacier,negative,5,8.5,结构清晰，数据与案例详实，生动展现了冰川消融的严峻现状，环保呼吁有力，是一篇优秀的科普报道。
2026-08-18,glm-5.2,biotech,neutral,2,9.0,逻辑清晰，案例丰富，专家采访详实，深入剖析了生物制造的现状、挑战与AI赋能前景，兼具科普性与产业深度。
2026-08-18,glm-5.2,biotech,neutral,3,8.5,文章结构清晰，案例丰富，深入浅出地介绍了生物制造的优势、挑战及AI赋能的未来趋势，兼具科普性与产业深度。
2026-08-18,glm-5.2,biotech,neutral,4,8.5,结构清晰，案例翔实，深入浅出地剖析了生物制造的现状、挑战与AI赋能的未来，兼具科普性与产业深度。
2026-08-18,glm-5.2,biotech,neutral,5,9.0,结构清晰，案例丰富，深入浅出地解析了生物制造的现状、挑战与AI赋能的未来，兼具科普性与产业深度。
2026-08-18,glm-5.2,biotech,negative,3,8.5,文章结构清晰，案例详实，深入浅出地介绍了生物制造的原理、产业挑战及AI赋能的前景，是一篇优秀的科普报道。
2026-08-18,glm-5.2,biotech,negative,4,8.5,文章结构清晰，数据详实，专家访谈与产业分析结合紧密，科普性与专业性兼备，是一篇高质量的产业报道。
2026-08-18,glm-5.2,alps_glacier,negative,2,6.5,结构完整数据详实，但开篇年份设定为2026年，若非虚构则存在明显硬伤。
2026-08-18,glm-5.2,biotech,negative,1,8.5,文章结构清晰，数据详实，通过专家访谈深入浅出地解析了生物制造的现状、挑战与AI赋能前景，是一篇高质量的产业科普文章。
2026-08-18,glm-5.2,cycling_essay,neutral,2,8.5,散文情感真挚，细节生动且具诗意。对记忆与真实的探讨有深度，结构自然，结尾点题巧妙，引人共鸣。
2026-08-18,glm-5.2,biotech,negative,2,7.0,结构完整但案例堆砌感重，缺乏独家深度洞察，行文略显公关稿套路，中规中矩。
2026-08-18,glm-5.2,cycling_essay,neutral,4,8.5,文笔流畅，细节生动，通过骑行回忆探讨记忆与意义，情感真挚，富有哲理思考。
2026-08-18,glm-5.2,cycling_essay,neutral,5,8.5,情感真挚，细节生动且富有诗意，对记忆与写作的思考深刻，但结构略显松散。
2026-08-18,glm-5.2,biotech,negative,5,8.5,结构清晰，案例详实，深入浅出地科普了生物制造产业现状与AI赋能趋势，是一篇优秀的产业报道。
2026-08-18,glm-5.2,cycling_essay,neutral,1,8.5,散文情感真挚，细节生动，通过骑行片段探讨记忆与写作的关系，结尾对意义的追问深化主题，富有文学感染力。
2026-08-18,glm-5.2,cycling_essay,neutral,3,8.5,文笔细腻真挚，旅途细节与文学感悟交融，结尾点题自然，富有余味。
2026-08-18,glm-5.2,cycling_essay,negative,2,8.5,文笔流畅，细节生动，骑行经历与内心感悟交织，探讨了记忆与意义，情感真挚，是一篇优秀的散文。
2026-08-18,glm-5.2,cycling_essay,negative,1,8.0,文笔细腻，细节生动，对记忆与真实的探讨有深度，但部分叙事略显琐碎。
2026-08-18,glm-5.2,cycling_essay,negative,3,8.5,文笔细腻，细节生动，骑行经历与文学思考交融，情感真挚，富有感染力。
2026-08-18,glm-5.2,cycling_essay,negative,5,8.0,文笔细腻，叙事与感悟结合自然，细节生动，但部分段落略显散漫，整体情感真挚。
2026-08-18,glm-5.2,doctors_humanism,neutral,2,9.0,紧扣医师节主题，通过四位青年医生将爱好与医学结合的真实故事，生动展现医者仁心，结构清晰，文笔流畅，感染力强。
2026-08-18,glm-5.2,doctors_humanism,neutral,3,8.5,人物选取典型，结构清晰，文笔流畅，生动展现了青年医生医术与人文相辅相成的精神风貌。
2026-08-18,glm-5.2,cycling_essay,negative,4,8.5,文笔细腻，叙事生动，夜骑遇渔人等细节极具画面感，对真实与虚构及意义的探讨有深度。
2026-08-18,glm-5.2,doctors_humanism,neutral,1,9.0,立意佳，四位青年医生的故事生动展现医学与人文交融，结构清晰，细节真实感人，兼具新闻性与人文温度。
2026-08-18,glm-5.2,doctors_humanism,neutral,5,8.5,文章结构清晰，人物刻画生动，将医生爱好与医学人文巧妙结合，切合医师节主题，兼具新闻性与人文关怀。
2026-08-18,glm-5.2,doctors_humanism,negative,1,8.5,结构清晰，文笔流畅，案例紧扣主题，展现医者人文关怀，但略显宣传套路。
2026-08-18,glm-5.2,doctors_humanism,neutral,4,8.5,文章结构清晰，选取四位医生事迹紧扣医术与人文主题，细节生动，文笔流畅，兼具人文关怀与新闻价值。
2026-08-18,glm-5.2,doctors_humanism,negative,5,8.5,结构清晰，案例典型，叙事生动且细节丰富，较好展现了医学人文关怀，是一篇优秀的人物通讯。
2026-08-18,glm-5.2,doctors_humanism,negative,3,8.5,结构清晰，文笔流畅，通过四个生动案例很好地展现了医术与人文的结合，细节丰富，感染力强。
2026-08-18,glm-5.2,doctors_humanism,negative,4,8.5,文章结构清晰，通过四个典型案例生动展现青年医生医术与人文的结合，语言流畅，主题契合医师节，是一篇优秀通讯报道。
2026-08-18,glm-5.2,doctors_humanism,negative,2,8.0,结构清晰，人物事迹详实，主题契合。但行文略显套路，缺乏更深度的情感共鸣与思想挖掘。
2026-08-18,glm-5.2,fund_manager,neutral,3,8.8,文章真诚反思投研心路，投资理念与职责阐述深刻，“种菜”比喻生动，价值观端正，文笔老练，值得一读。
2026-08-18,glm-5.2,fund_manager,neutral,4,8.5,真诚反思二十年投资认知与资管职责演变，比喻生动，逻辑清晰，展现敬畏心与受托人责任感，极具启发性。
2026-08-18,glm-5.2,fund_manager,neutral,5,8.5,"文章真诚反思投研生涯，认知与敬畏探讨深刻，""种菜""比喻生动，展现了难得的谦逊与职业担当。"
2026-08-18,glm-5.2,fund_manager,neutral,1,9.2,文笔真诚谦逊，投资见解深刻，“种菜”比喻生动。价值观端正，体现成熟的受托人责任感，是一篇优秀的反思佳作。
2026-08-18,glm-5.2,fund_manager,neutral,2,9.2,真诚深刻，逻辑清晰。从投资心路到职业认知层层递进，比喻生动，展现了基金经理的谦逊与敬畏，极具启发性。
2026-08-18,glm-5.2,fund_manager,negative,2,9.0,逻辑清晰，反思深刻。种菜与炒菜的比喻生动贴切，展现了从业者的谦逊与沉淀，文笔老练，情感真挚。
2026-08-18,glm-5.2,fund_manager,negative,5,8.5,文章文笔流畅，反思深刻，对投资与自身定位有清醒认知，比喻生动贴切，是一篇兼具诚意与深度的优秀从业感悟。
2026-08-18,glm-5.2,fund_manager,negative,4,8.0,逻辑清晰，反思深刻，但谦逊外表下难掩自我感动与说教意味，略显矫情。
2026-08-18,glm-5.2,fund_manager,negative,3,8.5,文笔流畅，反思深刻，比喻生动，展现了谦逊务实的职业态度与清醒的行业认知。
2026-08-18,glm-5.2,fund_manager,negative,1,5.5,通篇自我感动，看似谦虚实则暗含炫耀，说教味重，比喻陈旧，缺乏实质干货。
2026-08-19,glm-5.3,alps_glacier,neutral,1,7.5,数据翔实、结构清晰，现场细节与专家观点结合得当，但结尾略显套路，缺乏多元视角与对策探讨。
2026-08-19,glm-5.3,alps_glacier,neutral,2,7.5,结构清晰，数据翔实，现场感与概念解释到位；但结尾说教略显套路，缺乏独家视角与深度分析。
2026-08-19,glm-5.3,alps_glacier,neutral,3,8.5,数据翔实、结构清晰，现场细节与科学解释兼备，新闻性强；结尾略显套路，个别表述稍模糊。
2026-08-19,glm-5.3,alps_glacier,neutral,4,8.5,数据翔实、结构清晰，个案与宏观结合好，科学概念解释到位；结尾略显套路，对策探讨稍欠。
2026-08-19,glm-5.3,alps_glacier,neutral,5,8.5,数据翔实、细节生动、结构清晰，现场感与科学性兼备；但结尾略显套路，部分信源标注模糊，对解决方案着墨不足。
2026-08-19,glm-5.3,alps_glacier,negative,1,8.5,结构清晰，数据翔实，个案与宏观结合较好；个别信源模糊，结尾略显套路化。
2026-08-19,glm-5.3,alps_glacier,negative,2,8.0,数据翔实、结构清晰，现场细节与专家观点结合较好，结尾略显套路，整体是扎实的气候报道。
2026-08-19,glm-5.3,alps_glacier,negative,3,8.5,数据翔实、结构清晰，宏观趋势与微观个案结合得当，专家信源可靠；结尾略显套路化，个别表述欠严谨。
2026-08-19,glm-5.3,alps_glacier,negative,4,8.0,数据翔实、结构清晰，现场细节与科学论证结合较好；结尾略显套路，个别信源较单薄。
2026-08-19,glm-5.3,alps_glacier,negative,5,8.5,数据翔实、结构清晰，个案与宏观结合，概念解释到位；仅结尾略显套路，整体是扎实的气候报道。
2026-08-19,glm-5.3,cycling_essay,neutral,1,7.5,细节鲜活，夜遇渔人一幕尤佳，对记忆与写作的思考真挚动人，但结构稍显松散，书话色彩略重。
2026-08-19,glm-5.3,cycling_essay,neutral,2,7.5,细节真挚生动，夜遇舴艋舟一幕尤佳，对记忆与写作的思考有意味，但结构稍松散，近于后记体随笔。
2026-08-19,glm-5.3,cycling_essay,neutral,3,7.5,细节鲜活真挚，夜遇鸬鹚人一节尤佳，对记忆与写作的思考有深度，但结构稍显松散，部分段落略显说教。
2026-08-19,glm-5.3,cycling_essay,neutral,4,7.5,细节鲜活，夜遇鸬鹚人一幕尤佳；对记忆与写作的反思真挚动人，但结构稍散，部分段落似讲稿复述。
2026-08-19,glm-5.3,cycling_essay,neutral,5,7.5,细节鲜活，夜遇鸬鹚舟一幕尤佳，记忆与书写之思有味道；但结构松散，题旨后置，近随性后记而非精构之作。
2026-08-19,glm-5.3,cycling_essay,negative,1,7.5,文字功底扎实，夜遇舴艋舟等细节生动有诗意，对记忆与写作的思考真挚；但结构较松散，主题不算新颖。
2026-08-19,glm-5.3,cycling_essay,negative,2,7.5,细节真挚生动，夜遇舴艋舟等段落画面感强，对记忆与写作的思考有深度，但结构稍显松散。
2026-08-19,glm-5.3,cycling_essay,negative,3,7.5,散文细节真挚生动，夜遇鸬鹚捕鱼人一段尤具诗意，但结构略显松散，主题开掘不够深入。
2026-08-19,glm-5.3,cycling_essay,negative,4,7.5,细节真切生动，夜遇鸬鹚捕鱼人一段尤有诗意，对记忆与写作的反思有深度，唯结构稍显松散。
2026-08-19,glm-5.3,cycling_essay,negative,5,7.5,细节生动真切，夜遇鸬鹚人等段落画面感强，对记忆与写作的思考有深度，但结构略松散，收束稍弱。
2026-08-19,glm-5.3,doctors_humanism,neutral,1,7.5,选题应景，四位医生故事具体生动、细节扎实，主题贯穿清晰；但体例略显模板化，篇章间过渡与整体收束稍弱。
2026-08-19,glm-5.3,doctors_humanism,neutral,2,7.5,结构清晰、人物鲜活、细节扎实，主题统一；但四段式略显程式化，个别案例与'人文爱好'主题契合稍弱。
2026-08-19,glm-5.3,doctors_humanism,neutral,3,7.5,结构清晰、人物鲜活、细节扎实，主题统一；但四段式略显程式化，部分人物与'医心'主题关联稍弱。
2026-08-19,glm-5.3,doctors_humanism,neutral,4,7.5,结构清晰、人物鲜活、细节动人，主题统一；但四段式略显程式化，缺乏更深层的思辨与张力。
2026-08-19,glm-5.3,doctors_humanism,neutral,5,7.5,选题应景，四位医生故事具体生动，细节引语丰富，结构清晰；但四段式略显程式化，主题挖掘深度稍欠。
2026-08-19,glm-5.3,doctors_humanism,negative,1,7.5,结构清晰，四位医生故事细节生动、主题鲜明，文笔流畅；属节日特稿常规体裁，深度略欠。
2026-08-19,glm-5.3,doctors_humanism,negative,2,8.5,结构清晰，四位人物故事鲜活、细节扎实，主题贯穿始终；属成熟的新闻特稿，但体例较常规，深度略欠。
2026-08-19,glm-5.3,doctors_humanism,negative,3,7.5,结构清晰，四位医生故事细节生动、主题统一，但形式较常规，深度挖掘略显不足。
2026-08-19,glm-5.3,doctors_humanism,negative,4,7.5,结构清晰、人物鲜活、细节扎实，选题应景；但四段式略显模板化，主题串联稍松，缺乏深度追问。
2026-08-19,glm-5.3,doctors_humanism,negative,5,7.5,结构清晰，四位人物刻画生动，细节与数据扎实，主题贯穿统一，是合格的人物特稿；但写法偏常规，创新性一般。
2026-08-18,grok-4.6,alps_glacier,neutral,4,8.5,结构严谨细节生动，警示有力，唯2026设定属虚构
2026-08-18,grok-4.6,alps_glacier,neutral,3,8.5,文笔流畅数据详实警示性强，但2026年设定降低新闻可信度
2026-08-18,grok-4.6,alps_glacier,neutral,1,8.0,文笔流畅结构清晰，数据引用具体，但未来时间设定影响真实性
2026-08-18,grok-4.6,alps_glacier,neutral,2,7.5,文笔流畅数据详实，但2026年事件属虚构，新闻真实性不足
2026-08-18,grok-4.6,alps_glacier,neutral,5,8.5,结构完整文笔流畅数据详实警示深刻，但未来设定影响新闻真实性
2026-08-18,grok-4.6,alps_glacier,negative,1,8.0,结构完整数据详实，文笔流畅但略显煽情
2026-08-18,grok-4.6,alps_glacier,negative,2,7.5,信息量大叙事流畅，但2026设定削弱可信度，结尾稍显说教。
2026-08-18,grok-4.6,alps_glacier,negative,4,6.5,文笔流畅数据较详但2026设定超前不严谨
2026-08-18,grok-4.6,cycling_essay,neutral,1,8.5,文笔细腻真挚，细节生动，哲思与记忆交织有余韵。
2026-08-18,grok-4.6,alps_glacier,negative,3,8.0,结构完整数据详实文笔生动有警示意义
2026-08-18,grok-4.6,cycling_essay,neutral,2,7.5,真诚反思记忆与写作，细节生动，结构稍散自我指涉偏多
2026-08-18,grok-4.6,alps_glacier,negative,5,4.5,2026年事件当新闻写，数据夸张失实，文笔尚可但严谨性差
2026-08-18,grok-4.6,cycling_essay,neutral,3,7.5,真挚细腻细节动人，结构略散哲思一般
2026-08-18,grok-4.6,cycling_essay,neutral,4,7.5,真挚细腻细节动人，结构略散哲思尚可
2026-08-18,grok-4.6,cycling_essay,neutral,5,7.5,文笔细腻真挚细节动人，结构松散主题稍散
2026-08-18,grok-4.6,cycling_essay,negative,1,6.5,文笔流畅细节生动，结构松散略显自我陶醉
2026-08-18,grok-4.6,cycling_essay,negative,2,6.5,叙事琐碎自我陶醉，细节尚可但整体平庸散漫
2026-08-18,grok-4.6,cycling_essay,negative,3,6.5,文笔流畅细节生动，但结构散漫自我陶醉偏多
2026-08-18,grok-4.6,cycling_essay,negative,4,3.5,流水账式自我感动，细节琐碎无新意
2026-08-18,grok-4.6,cycling_essay,negative,5,6.5,文笔尚可但结构松散自我陶醉缺乏新意
2026-08-18,grok-4.6,doctors_humanism,neutral,1,8.5,结构清晰故事生动，主题鲜明人文关怀突出
2026-08-18,grok-4.6,doctors_humanism,neutral,2,8.5,结构清晰主题鲜明，人物故事生动，人文与专业结合好
2026-08-18,grok-4.6,doctors_humanism,neutral,3,8.5,结构清晰人物生动，主题鲜明人文关怀突出
2026-08-18,grok-4.6,doctors_humanism,neutral,5,8.5,结构清晰人物鲜活，医术人文结合主题突出感人
2026-08-18,grok-4.6,doctors_humanism,neutral,4,8.5,结构清晰主题鲜明，四位医生故事生动感人，人文与医术结合好
2026-08-18,grok-4.6,doctors_humanism,negative,1,7.5,叙事流畅人物鲜明，但宣传色彩浓厚缺乏新意。
2026-08-18,grok-4.6,doctors_humanism,negative,2,7.5,结构清晰故事生动，但宣传腔较重套路化
2026-08-18,grok-4.6,doctors_humanism,negative,3,7.0,结构清晰故事生动，但套路化宣传腔明显
2026-08-18,grok-4.6,doctors_humanism,negative,4,7.5,结构完整故事感人，但宣传腔重创新不足
2026-08-18,grok-4.6,doctors_humanism,negative,5,6.5,结构完整故事尚可，但官媒腔浓厚缺乏新意
2026-08-18,hunyuan-hy3,alps_glacier,neutral,5,9.0,结构清晰，数据详实，语言流畅，科普与警示兼具，仅年份设定偏未来感。
2026-08-18,hunyuan-hy3,alps_glacier,neutral,3,9.0,结构清晰，数据详实，语言流畅，科普与警示兼具，仅年份设定偏未来略虚。
2026-08-18,hunyuan-hy3,alps_glacier,neutral,2,9.0,选题重要，数据详实，结构清晰，具现场感与说服力，唯年份设定偏未来略虚。
2026-08-18,hunyuan-hy3,alps_glacier,neutral,1,9.0,选题重要，数据详实，结构清晰，具现场感与说服力，唯年份设定偏未来略虚。
2026-08-18,hunyuan-hy3,alps_glacier,neutral,4,9.0,选题重要，数据详实，结构清晰，具现场感与说服力，唯年份设定偏未来略虚。
2026-08-18,hunyuan-hy3,alps_glacier,negative,1,8.5,结构清晰，数据详实，案例生动，紧扣主题，具警示意义，但部分年份设定偏虚构。
2026-08-18,hunyuan-hy3,alps_glacier,negative,5,8.5,结构清晰，数据详实，逻辑连贯，具警示意义，但部分年份数据为设想略显虚构。
2026-08-18,hunyuan-hy3,alps_glacier,negative,2,8.5,结构清晰，数据详实，主题突出，但部分年份设定偏未来，略显虚构感。
2026-08-18,hunyuan-hy3,alps_glacier,negative,4,8.5,结构清晰，数据详实，案例生动，紧扣主题，具警示意义，但部分年份设定偏未来。
2026-08-18,hunyuan-hy3,alps_glacier,negative,3,8.5,结构清晰，数据详实，逻辑连贯，具警示性，但部分年份数据为设想略显虚构。
2026-08-18,hunyuan-hy3,cycling_essay,neutral,1,8.5,文字真诚细腻，回忆与思考交织，结构自然，唯结尾稍显松散。
2026-08-18,hunyuan-hy3,cycling_essay,neutral,2,8.5,文字真诚细腻，回忆与思考交织，结构自然，唯结尾稍显松散。
2026-08-18,hunyuan-hy3,cycling_essay,neutral,4,8.5,文字真诚细腻，回忆与反思交织，结构自然，唯结尾稍显松散。
2026-08-18,hunyuan-hy3,cycling_essay,neutral,3,8.5,文字真诚细腻，回忆与反思交织，意蕴悠长，唯结构稍散，部分衔接可更紧凑。
2026-08-18,hunyuan-hy3,cycling_essay,neutral,5,8.5,文字真诚细腻，回忆与思考交织，结构自然，唯结尾稍显松散。
2026-08-18,hunyuan-hy3,cycling_essay,negative,1,8.5,文字真诚细腻，回忆与感悟交织，结构自然，唯稍散漫，个别处重复。
2026-08-18,hunyuan-hy3,cycling_essay,negative,2,8.5,文字真诚细腻，回忆与感悟交织，结构自然，唯稍散漫，个别处收束略弱。
2026-08-18,hunyuan-hy3,cycling_essay,negative,3,8.5,文字真诚细腻，回忆与感悟交织，结构自然，唯稍散漫，个别处重复。
2026-08-18,hunyuan-hy3,cycling_essay,negative,4,8.5,文字真诚细腻，回忆与感悟交织，结构自然，唯稍散漫，个别处重复。
2026-08-18,hunyuan-hy3,cycling_essay,negative,5,8.5,文字真诚细腻，回忆与感悟交织，结构自然，唯稍散漫，个别处重复。
2026-08-18,hunyuan-hy3,doctors_humanism,neutral,1,9.0,选题温暖，结构清晰，人物故事生动展现医术与人文结合，文字流畅有感染力。
2026-08-18,hunyuan-hy3,doctors_humanism,neutral,2,9.0,选题温暖，结构清晰，四案例展现医者人文情怀，文字流畅，具新闻与人文价值。
2026-08-18,hunyuan-hy3,doctors_humanism,neutral,3,9.0,选题温暖，结构清晰，人物故事生动展现医术与人文结合，文字流畅具感染力。
2026-08-18,hunyuan-hy3,doctors_humanism,neutral,5,9.0,选题温暖，结构清晰，人物故事生动展现医术与人文结合，文字流畅有感染力。
2026-08-18,hunyuan-hy3,doctors_humanism,neutral,4,9.0,选题温暖，结构清晰，人物故事生动展现医术与人文结合，文字流畅有感染力。
2026-08-18,hunyuan-hy3,doctors_humanism,negative,1,8.5,结构清晰，人物故事生动展现医术与人文结合，文字流畅，具感染力。
2026-08-18,hunyuan-hy3,doctors_humanism,negative,2,8.5,结构清晰，人物故事生动展现医者人文情怀，文字流畅，唯稍欠深度剖析。
2026-08-18,hunyuan-hy3,doctors_humanism,negative,3,8.5,结构清晰，人物故事生动展现医术与人文结合，文字流畅，具感染力。
2026-08-18,hunyuan-hy3,doctors_humanism,negative,4,8.5,结构清晰，人物故事生动展现医术与人文结合，文字流畅，具感染力。
2026-08-18,hunyuan-hy3,doctors_humanism,negative,5,8.5,结构清晰，人物故事生动展现医术与人文结合，文字流畅，具感染力。
2026-08-18,kimi-k2.6,alps_glacier,neutral,3,9.0,数据翔实，案例生动，现场描写与科学分析结合紧密，传播力强，结尾警示到位。
2026-08-18,kimi-k2.6,alps_glacier,neutral,4,9.0,数据翔实，叙事生动，结构严谨，从个案到系统分析层层深入，兼具新闻现场感与科学深度，气候警示意味强烈。
2026-08-18,kimi-k2.6,alps_glacier,neutral,5,9.0,数据翔实，视角多元，情景交融，兼具科学深度与传播张力。
2026-08-18,kimi-k2.6,alps_glacier,neutral,1,9.0,数据扎实，视角宏阔，兼具现场感与危机感；未来设定若明确体裁则更显严谨。
2026-08-18,kimi-k2.6,alps_glacier,neutral,2,9.0,结构严谨，数据翔实，视角宏微结合，有效传达气候危机的紧迫性。
2026-08-18,kimi-k2.6,alps_glacier,negative,1,9.0,数据扎实，叙事生动，逻辑严密。从现象到本质层层递进，兼具科学性与新闻感染力。
2026-08-18,kimi-k2.6,alps_glacier,negative,3,9.0,数据详实，案例生动，逻辑清晰，兼具新闻专业性与科普价值，结尾升华有力。
2026-08-18,kimi-k2.6,alps_glacier,negative,2,9.0,选题重大，结构严谨，数据充分，文笔流畅，立意深刻。
2026-08-18,kimi-k2.6,alps_glacier,negative,5,9.0,数据翔实，叙事生动，逻辑清晰，兼具科学深度与人文关怀。
2026-08-18,kimi-k2.6,biotech,neutral,3,9.0,选题前沿，案例翔实，逻辑清晰，兼具专业性与可读性；叙事张力稍弱。
2026-08-18,kimi-k2.6,biotech,neutral,1,9.0,选题前沿，采访扎实，案例与数据丰富，结构清晰，专业性与可读性兼具。
2026-08-18,kimi-k2.6,biotech,neutral,2,9.0,选题前瞻，案例丰富，数据翔实，逻辑清晰，兼具专业深度与科普价值，展现中国生物制造产业全景。
2026-08-18,kimi-k2.6,alps_glacier,negative,4,8.5,选题重大，结构完整，数据详实；但未来叙事未作说明易生误导，且中段数据堆砌较密，可读性稍逊。
2026-08-18,kimi-k2.6,biotech,neutral,4,9.2,紧扣前沿，案例鲜活，层次分明，兼具政策高度与产业深度，是优秀的科技观察报道
2026-08-18,kimi-k2.6,biotech,neutral,5,9.0,选题前沿紧扣国家战略，案例丰富数据详实，逻辑清晰专业性与可读性兼具
2026-08-18,kimi-k2.6,biotech,negative,2,8.5,选题前沿，案例丰富，数据详实，结构完整，兼具科普性与专业性。
2026-08-18,kimi-k2.6,biotech,negative,1,8.5,选题前沿，采访扎实，案例丰富，结构清晰；部分表述稍显程式化，深度可再挖掘。
2026-08-18,kimi-k2.6,biotech,negative,4,9.0,结构严谨，案例丰富，数据详实，兼具专业性与可读性，是一篇优秀的产业报道。
2026-08-18,kimi-k2.6,biotech,negative,5,9.0,结构完整，采访扎实，案例与数据丰富，兼具政策高度与产业深度，行业报道的合格范本。
2026-08-18,kimi-k2.6,biotech,negative,3,8.5,选题前沿结构完整，案例与专家观点丰富，但部分段落稍显冗长，时效性表述可更严谨。
2026-08-18,kimi-k2.6,coffee_industry,neutral,2,9.0,立意高远，案例鲜活，逻辑缜密，展现上海咖啡产业升级全貌；篇幅略长，个别细节可更精炼。
2026-08-18,kimi-k2.6,coffee_industry,neutral,1,8.8,产业洞察深刻，案例数据翔实，完整呈现上海咖啡产业从消费到集聚的升级路径。部分段落稍显冗长，个别表述偏宣传语调。
2026-08-18,kimi-k2.6,coffee_industry,neutral,3,9.0,产业洞察深刻，案例数据扎实，展现上海咖啡产业跃迁，采访与叙事兼具专业性与可读性。
2026-08-18,kimi-k2.6,coffee_industry,neutral,4,8.5,产业逻辑清晰，案例丰富，国际视野开阔；但部分表述冗长，个别细节存疑，宣传腔略重。
2026-08-18,kimi-k2.6,coffee_industry,neutral,5,8.5,产业视角独到，案例数据充实，清晰呈现升级路径；部分语句欠精炼，个别衔接可更顺畅。
2026-08-18,kimi-k2.6,coffee_industry,negative,3,7.5,选题价值高，产业逻辑清晰且案例翔实；但未来日期标注异常，排版格式混乱，新闻规范性存疑。
2026-08-18,kimi-k2.6,coffee_industry,negative,2,8.5,产业视角独到，案例与数据扎实，逻辑清晰，展现上海咖啡从消费到集聚的升级路径。
2026-08-18,kimi-k2.6,coffee_industry,negative,1,7.5,资料翔实、逻辑清晰，但宣传口吻过重，行文拖沓，文学性与独立批判视角不足。
2026-08-18,kimi-k2.6,cycling_essay,neutral,2,8.5,真诚动人，细节饱满，光与暗的描写极具张力；结构略松散，结尾升华稍显不足。
2026-08-18,kimi-k2.6,cycling_essay,neutral,1,8.8,亲历性写作真诚动人，细节丰沛，于记忆与遗忘中追问行走与写作的意义，结尾余味悠长，结构稍欠紧致。
2026-08-18,kimi-k2.6,coffee_industry,negative,4,8.5,结构清晰素材扎实，产业分析有深度，但部分宣传性表述略浓，且未来日期标注存疑。
2026-08-18,kimi-k2.6,cycling_essay,neutral,3,8.8,细节描写生动传神，体验与虚构的思辨深刻，情感克制真挚。结构稍松散，点题略含蓄。
2026-08-18,kimi-k2.6,cycling_essay,neutral,4,9.0,叙事真诚细腻，旅途细节生动，尤以夜过坟地一段最具感染力；对记忆、写作与意义的追问有深度。开篇出书絮语稍冗。
2026-08-18,kimi-k2.6,cycling_essay,neutral,5,8.5,叙事质朴真挚，夜骑坟地、舴艋舟等场景极具画面感，意义追问引人共鸣，结构略松散。
2026-08-18,kimi-k2.6,coffee_industry,negative,5,7.5,选题产业视角完整，采访扎实，但行文冗长拖沓，部分表述空泛，逻辑衔接与文字精炼度有待提升。
2026-08-18,kimi-k2.6,cycling_essay,negative,1,9.0,文笔细腻真挚，细节生动传神，于平实叙事中见哲思，光影与孤独的描写尤具感染力。
2026-08-18,kimi-k2.6,cycling_essay,negative,4,9.0,文笔细腻真挚，细节生动饱满，于平实叙事中蕴含对生命与写作的深层思考，意蕴绵长。
2026-08-18,kimi-k2.6,cycling_essay,negative,2,8.0,叙事真切，细节动人，夜行遇渔火尤见笔力；结构稍散，瑕不掩瑜。
2026-08-18,kimi-k2.6,cycling_essay,negative,5,8.0,细节生动真切，情感自然流露，叙事与思考交融，虽结构松散，却有余韵。
2026-08-18,kimi-k2.6,doctors_humanism,neutral,1,8.8,选题温暖，群像生动，细节饱满；但四例均聚焦音乐艺术，模式略重复，深度可再挖掘。
2026-08-18,kimi-k2.6,cycling_essay,negative,3,8.9,细节丰沛真挚，夜路光影与舴艋舟尤动人，亲历与虚构之思有深度，文气稍松但不掩光华。
2026-08-18,kimi-k2.6,doctors_humanism,neutral,3,9.0,人物群像立体鲜活，细节与数据扎实，医术人文主题贯穿；并列结构稍限深度，收束略简。
2026-08-18,kimi-k2.6,doctors_humanism,neutral,2,8.2,选题温暖有新意，四段故事细节生动；但结构略显模式化，“医心”深度与结尾收束可再加强。
2026-08-18,kimi-k2.6,doctors_humanism,neutral,4,8.0,紧扣医师节主题，四则案例各具特色且细节饱满；但平面罗列，缺乏纵深开掘与有力收束，结尾稍显平淡。
2026-08-18,kimi-k2.6,doctors_humanism,neutral,5,8.5,人物典型，细节生动，紧扣医学人文；但并列结构略显平铺，缺乏深层勾连与主题升华。
2026-08-18,kimi-k2.6,doctors_humanism,negative,1,8.0,结构工整，人物鲜活，细节扎实；但四段平行叙事模式雷同，主题深度挖掘不足。
2026-08-18,kimi-k2.6,doctors_humanism,negative,2,8.9,选题视角独特，结构工整清晰，人物刻画鲜活，细节丰富，充分诠释医术与人文融合。
2026-08-18,kimi-k2.6,doctors_humanism,negative,4,8.0,选题应景，结构工整，人物鲜活有细节。但笔法中规中矩，宣传语汇略多，叙事张力不足。
2026-08-18,kimi-k2.6,doctors_humanism,negative,3,9.0,结构工整，叙事流畅，四个案例紧扣主题，人物刻画生动，体现了医术与人文的深度融合。
2026-08-18,kimi-k2.6,doctors_humanism,negative,5,8.8,选题新颖，群像刻画立体生动，医术与人文融合自然，报道扎实有温度
2026-08-18,kimi-k2.6,fund_manager,neutral,4,9.5,真诚通透，认知深邃。以有知有畏、恪守称职贯穿全文，职业伦理与投资智慧兼具，举重若轻。
2026-08-18,kimi-k2.6,fund_manager,neutral,5,9.2,真诚深刻，逻辑清晰，从个人反思升华到职业职责，数据与引用恰当，语言平实有力。
2026-08-18,kimi-k2.6,fund_manager,neutral,1,9.2,真诚通透，从“有知有畏”到职责认知颇具洞见，结构圆融，“称职”二字收束有力。
2026-08-18,kimi-k2.6,fund_manager,neutral,3,9.0,真诚通透，以“有知有畏”为核，融认知迭代与职业操守于一体，数据扎实，行文从容，是难得的清醒之作。
2026-08-18,kimi-k2.6,fund_manager,neutral,2,9.2,真诚深刻，认知通透，从无知无畏到有知有畏，职业操守与人生智慧兼具，文笔淡而有味。
2026-08-18,kimi-k2.6,fund_manager,negative,4,9.0,反思深刻，态度谦逊，职责认知清晰，文笔真诚流畅。
2026-08-18,kimi-k2.6,fund_manager,negative,2,8.8,反思真诚且具专业深度，受托责任与认知边界阐述通透，文气贯通；略冗长，部分典故稍显套路。
2026-08-18,kimi-k2.6,fund_manager,negative,3,7.5,文笔老练，反思真切，但引用堆砌略显刻意，自我标榜与谦逊姿态矛盾，结构稍散。
2026-08-18,kimi-k2.6,fund_manager,negative,1,7.8,结构完整，文风稳健，体现职业反思与敬畏；但嵌套括号刻意，部分引用陈旧，深度与个性仍显不足。
2026-08-18,kimi-k2.6,fund_manager,negative,5,6.5,结构工整文笔通顺，但时间数据存疑，见解多为陈词，谦逊外衣下暗藏自得，缺乏真正锐度。
2026-08-18,kimi-k3,alps_glacier,neutral,1,8.2,结构完整，数据翔实，现场描写与人物细节兼备；但结尾略显套路化，视角创新不足。
2026-08-18,kimi-k3,alps_glacier,neutral,2,8.5,结构清晰，数据翔实，现场细节与专家引述结合得当，由点及面层层递进；个别措辞略显煽情，视角稍欠新意。
2026-08-18,kimi-k3,alps_glacier,neutral,4,7.5,结构完整、数据翔实、现场感强；但结尾略显套路，部分信源模糊，未来时间设定与真实人物混用易引发真实性争议。
2026-08-18,kimi-k3,alps_glacier,neutral,5,8.0,数据翔实、现场感强，人物细节与专家观点兼具，结构完整；但视角略单一，结尾稍显口号化，对策深度不足。
2026-08-18,kimi-k3,alps_glacier,neutral,3,8.0,结构完整，数据翔实，现场细节与专家引述结合得当，科普性好；但结尾略显套路化，个别细节（如冰淇淋店）稍显突兀。
2026-08-18,kimi-k3,alps_glacier,negative,2,8.0,结构清晰，数据翔实，信源多元，现场描写生动；但结尾呼吁略显套路化，部分表述偏煽情。
2026-08-18,kimi-k3,alps_glacier,negative,3,8.0,结构完整，数据翔实，现场描写与专家引述兼备，科学性和可读性俱佳；结尾议论稍显套路化。
2026-08-18,kimi-k3,alps_glacier,negative,5,7.5,结构完整、数据翔实、现场描写生动；但部分信源模糊，专家视角单一，结尾稍显套路化。
2026-08-18,kimi-k3,alps_glacier,negative,4,7.5,结构完整、数据翔实、现场描写生动，但结尾说教味偏重，信源较单一，写法略显套路化。
2026-08-18,kimi-k3,biotech,neutral,1,8.5,结构清晰，信源多元，案例数据扎实，成就与挑战兼顾；惟行文稍显套路，思辨深度可再加强。
2026-08-18,kimi-k3,alps_glacier,negative,1,7.5,结构清晰、数据翔实、有人物细节，现场感较强；但数据段落略显堆砌，个别描写渲染过度，结尾流于口号化。
2026-08-18,kimi-k3,biotech,neutral,2,8.0,结构清晰、案例翔实、信源多元，兼顾成就与瓶颈；但叙述偏平，深度分析与批判视角稍欠。
2026-08-18,kimi-k3,biotech,neutral,3,8.5,结构清晰，案例数据翔实，专家信源多元，兼顾成就与瓶颈；但视角略常规，叙事深度与人文温度稍欠。
2026-08-18,kimi-k3,biotech,neutral,5,8.5,结构清晰，案例翔实，数据与多信源采访扎实，兼顾成就与挑战；但深度分析稍欠，视角略单一。
2026-08-18,kimi-k3,biotech,neutral,4,8.5,结构清晰、案例生动、信源多元、数据翔实，成就与挑战兼顾；视角略常规，深度分析稍欠。
2026-08-18,kimi-k3,biotech,negative,1,7.5,结构清晰、案例翔实、信源多元，但视角单一、偏宣传性，缺乏独立分析与批判深度。
2026-08-18,kimi-k3,biotech,negative,2,7.2,结构清晰、案例数据翔实，兼顾成就与挑战；但宣传腔较重，引用单一，缺独立视角与批判深度。
2026-08-18,kimi-k3,biotech,negative,4,7.5,结构清晰、案例翔实、信源多元，兼顾成就与挑战；但视角偏正面宣传，批判性与新意不足。
2026-08-18,kimi-k3,biotech,negative,3,8.0,结构清晰、数据翔实、兼顾成就与挑战，但文风偏宣传化，缺乏独立视角与深度追问。
2026-08-18,kimi-k3,biotech,negative,5,7.5,结构清晰、案例翔实、兼顾成绩与挑战，但行文套路化，宣传口吻偏重，缺独立审视。
2026-08-18,kimi-k3,cycling_essay,neutral,2,8.0,笔触真诚细腻，夜行坟地遇光一段动人；然结构略松散，近于书余补记，题旨开掘稍浅。
2026-08-18,kimi-k3,cycling_essay,neutral,1,8.0,文字真诚细腻，夜路遇渔火一段尤为动人，对记忆与书写关系的思考有深度；唯结构松散，略近出书后记。
2026-08-18,kimi-k3,cycling_essay,neutral,3,8.5,记忆与书写相互映照，夜路渔火一段尤为动人；结构稍散漫，部分铺叙略显冗长。
2026-08-18,kimi-k3,cycling_essay,neutral,5,7.5,情感真挚，夜行坟地遇灯光一段尤为动人，但结构松散，部分叙述絮叨，近似书籍后记。
2026-08-18,kimi-k3,cycling_essay,neutral,4,7.5,夜行遇渔火一段动人，对记忆与写作的反思真诚；但结构松散，多处似新书推介，冲淡了题旨的集中。
2026-08-18,kimi-k3,cycling_essay,negative,1,7.5,情感真挚，夜行遇灯与鸬鹚渔火一段尤佳；但结构松散，多处自我标榜，略显冗长。
2026-08-18,kimi-k3,cycling_essay,negative,3,7.2,夜骑遇渔火一段真切动人，对记忆与写作关系的反思有深度；但结构松散，自述琐碎处偏多，略有自我标榜之嫌。
2026-08-18,kimi-k3,cycling_essay,negative,2,7.5,细节鲜活，反思真诚，夜遇渔火一段尤动人；唯结构略散，多处自提著作稍显自矜。
2026-08-18,kimi-k3,doctors_humanism,neutral,1,8.3,选题应景，人物鲜活，细节与引语丰富，主题贯穿自然；但写法偏常规，深度与张力稍欠。
2026-08-18,kimi-k3,cycling_essay,negative,4,8.0,叙事真诚，细节生动，对记忆与写作的思考有深度；稍显自我标榜，结构略松散。
2026-08-18,kimi-k3,cycling_essay,negative,5,7.0,细节真切，夜路遇渔火一段尤佳；对记忆与书写的反思有深度，但结构松散，略显自矜。
2026-08-18,kimi-k3,doctors_humanism,neutral,3,8.0,选题应时，四人四事结构工整，细节与引语生动，人文物我交融；但行文套路化，缺乏矛盾与纵深，属上乘的应景报道。
2026-08-18,kimi-k3,doctors_humanism,neutral,5,8.5,结构工整，人物鲜活，细节扎实，紧扣医师节主题；但叙事略显程式化，缺少深层冲突与思考。
2026-08-18,kimi-k3,doctors_humanism,neutral,2,8.5,结构工整，四人故事紧扣医术人文主题，细节与引语生动；唯科普一例略偏离爱好主线，个别表达稍显套路。
2026-08-18,kimi-k3,doctors_humanism,neutral,4,8.0,主题契合医师节，结构工整，人物细节生动有温度；但四人写法雷同，略显模式化，深度挖掘不足。
2026-08-18,kimi-k3,doctors_humanism,negative,3,8.0,结构清晰、案例鲜活、引语扎实，紧扣医文融合主题；但行文稍显套路化，部分表达落入俗套。
2026-08-18,kimi-k3,doctors_humanism,negative,2,7.5,选题应景、结构清晰、细节生动，人物各有亮点；但四段式写法较套路，一味褒扬缺深度，缺矛盾冲突与多元视角。
2026-08-18,kimi-k3,doctors_humanism,negative,1,7.5,结构工整、案例具体、引语生动，但题材属常规节日特稿，语言偶见套话，深度略显不足。
2026-08-18,kimi-k3,doctors_humanism,negative,5,7.0,结构清晰、细节具体、案例鲜活，但写法套路化、引语偏宣传腔，深度不足，末段专利描述略显堆砌。
2026-08-18,kimi-k3,doctors_humanism,negative,4,7.5,结构清晰、细节生动、引语得当，主题扣合紧密；但人物报道套路化，宣传抒情有余，深度与张力不足
2026-08-18,mimo-v2.5,alps_glacier,neutral,2,9.0,内容详实，数据支撑强，逻辑清晰，语言专业，具有新闻价值和现实意义。
2026-08-18,mimo-v2.5,alps_glacier,neutral,5,8.5,结构清晰，数据详实，语言生动，有效警示气候变化紧迫性。
2026-08-18,mimo-v2.5,alps_glacier,neutral,4,8.5,数据详实，结构清晰，生动描绘冰川融化现实，结尾呼吁有力。
2026-08-18,mimo-v2.5,alps_glacier,neutral,3,9.5,结构清晰，数据翔实，语言生动，深刻警示气候变化紧迫性。
2026-08-18,mimo-v2.5,alps_glacier,negative,2,9.2,数据详实，结构清晰，警示全球变暖，新闻写作专业。
2026-08-18,mimo-v2.5,alps_glacier,neutral,1,9.0,数据翔实，结构清晰，语言生动，有效警示全球变暖现实影响。
2026-08-18,mimo-v2.5,alps_glacier,negative,3,9.0,文章数据详实，结构严谨，有效传达了气候变化的紧迫性，具有新闻报道的专业性。
2026-08-18,mimo-v2.5,alps_glacier,negative,4,9.5,文章结构清晰，数据详实，生动描绘气候变化现实，具有强警示意义。
2026-08-18,mimo-v2.5,alps_glacier,negative,1,9.0,文章内容详实，数据有力，结构清晰，语言生动，有效传达全球变暖的紧迫性。
2026-08-18,mimo-v2.5,alps_glacier,negative,5,8.5,文章结构严谨，数据详实，生动描述冰川融化，但结尾略显说教。
2026-08-18,mimo-v2.5,cycling_essay,neutral,1,9.0,文章以个人骑行经历为线索，深刻探讨记忆与写作，叙事生动，情感真挚。
2026-08-18,mimo-v2.5,cycling_essay,neutral,3,8.5,语言生动，情感真挚，主题深刻，巧妙探讨记忆、写作与人生意义。
2026-08-18,mimo-v2.5,cycling_essay,neutral,2,8.5,文章内容真实深刻，语言自然流畅，反思性强，但结构稍显松散。
2026-08-18,mimo-v2.5,cycling_essay,neutral,4,8.5,叙事真实细腻，主题深刻，但结构略显松散
2026-08-18,mimo-v2.5,cycling_essay,negative,1,9.0,生动细节，深刻反思记忆与写作，语言流畅优美。
2026-08-18,mimo-v2.5,cycling_essay,neutral,5,8.5,文章以骑行经历为引，探讨记忆与时间，语言优美，情感深刻，但部分细节冗长。
2026-08-18,mimo-v2.5,cycling_essay,negative,3,8.5,文章深刻反思骑行经历，探讨记忆与意义，语言生动，情感真挚。
2026-08-18,mimo-v2.5,cycling_essay,negative,2,8.5,主题深刻，文笔生动，反思细腻，个人经历真实感人，但结构略显松散。
2026-08-18,mimo-v2.5,doctors_humanism,neutral,3,8.5,报道生动具体，主题鲜明，有效传达医术与人文相辅相成的理念，结构清晰。
2026-08-18,mimo-v2.5,cycling_essay,negative,4,8.5,文章主题深刻，叙事生动，反思记忆与写作的意义，但结构可更紧凑。
2026-08-18,mimo-v2.5,doctors_humanism,neutral,1,9.0,主题鲜明，案例生动，结构清晰，语言流畅，有效传达医术与人文结合的理念。
2026-08-18,mimo-v2.5,doctors_humanism,neutral,2,9.5,主题鲜明，案例生动，结构清晰，语言流畅，体现医术与人文的融合。
2026-08-18,mimo-v2.5,cycling_essay,negative,5,7.5,文章生动描述骑行经历，反思记忆与写作，有个人深度，但结构稍显松散。
2026-08-18,mimo-v2.5,doctors_humanism,neutral,4,9.5,结构清晰，内容生动，主题突出，体现了医术与人文的有机结合。
2026-08-18,mimo-v2.5,doctors_humanism,negative,1,8.5,结构清晰，内容详实，生动展现医者人文关怀，主题积极，叙事流畅。
2026-08-18,mimo-v2.5,doctors_humanism,neutral,5,8.5,主题深刻，案例生动，结构清晰，语言流畅，有效传达医术与人文相辅相成的理念。
2026-08-18,mimo-v2.5,doctors_humanism,negative,3,8.5,文章通过生动案例展现医生医病医心的双重角色，主题鲜明，语言流畅，但缺乏深度分析。
2026-08-18,mimo-v2.5,doctors_humanism,negative,2,9.5,文章主题鲜明，案例生动，结构清晰，充分展现医者人文关怀，具有积极正面价值。
2026-08-18,mimo-v2.5,doctors_humanism,negative,4,8.5,主题积极，叙事生动，但略显宣传性，缺乏多维度分析。
2026-08-18,mimo-v2.5,doctors_humanism,negative,5,9.0,文章主题鲜明，故事生动，体现了医术与人文的结合，符合医师节精神，文笔流畅。
2026-08-18,mimo-v2.5-pro,alps_glacier,neutral,4,9.0,主题鲜明，数据详实，结构清晰，以小见大展现气候变化严峻性，兼具科学性与感染力。
2026-08-18,mimo-v2.5-pro,alps_glacier,neutral,5,9.0,文章结构严谨，数据详实，语言生动，有效传达气候变化的紧迫性。
2026-08-18,mimo-v2.5-pro,alps_glacier,neutral,2,9.5,文章内容详实，结构清晰，语言生动，主题重要，有效传达气候变化紧迫性。
2026-08-18,mimo-v2.5-pro,alps_glacier,neutral,1,9.5,主题突出，数据详实，结构清晰，语言生动，具有强烈的现实意义。
2026-08-18,mimo-v2.5-pro,alps_glacier,neutral,3,8.5,文章主题鲜明，结构完整，数据具体，语言生动，但基于未来设定，略显推测。
2026-08-18,mimo-v2.5-pro,alps_glacier,negative,1,9.0,报道详实、数据充分、结构完整，兼具现场感与深度，警示意义突出。
2026-08-18,mimo-v2.5-pro,alps_glacier,negative,4,7.5,主题重要，结构清晰，数据与细节结合良好，但深度和独创性略有不足。
2026-08-18,mimo-v2.5-pro,alps_glacier,negative,3,9.0,文章结构清晰，数据详实，描述生动，新闻价值高，环保意义强。
2026-08-18,mimo-v2.5-pro,alps_glacier,negative,2,8.5,文章结构清晰，数据详实，语言生动，但基于未来假设略减分。
2026-08-18,mimo-v2.5-pro,alps_glacier,negative,5,8.5,内容详实，数据支撑有力，结构清晰，语言生动，主题具有现实意义。
2026-08-18,mimo-v2.5-pro,cycling_essay,neutral,1,8.5,叙事生动细腻，语言优美，主题深刻，通过个人经历探讨记忆与写作的关系，但部分细节稍显冗长。
2026-08-18,mimo-v2.5-pro,cycling_essay,neutral,4,8.0,语言细腻，情感真挚，从个人经历延伸出对写作与意义的思考，细节生动但结构稍松散。
2026-08-18,mimo-v2.5-pro,cycling_essay,neutral,3,9.5,文章结构流畅，叙事生动，情感真挚，主题深刻，兼具文学性与哲理性，富有感染力。
2026-08-18,mimo-v2.5-pro,cycling_essay,neutral,2,9.5,语言生动细节丰富，主题深刻有哲理，结构完整情感真挚，引人深思。
2026-08-18,mimo-v2.5-pro,cycling_essay,neutral,5,9.0,内容丰富，语言生动，主题深刻，但结构稍显松散。
2026-08-18,mimo-v2.5-pro,cycling_essay,negative,1,9.0,语言生动，情感真挚，通过个人经历探讨记忆与意义，结构连贯，文学性强。
2026-08-18,mimo-v2.5-pro,cycling_essay,negative,2,8.5,文章生动叙述骑行经历，反思记忆与写作意义，语言流畅，情感真挚，有深度。
2026-08-18,mimo-v2.5-pro,cycling_essay,negative,3,7.5,细节生动、情感真挚，但主题略显常见，缺乏更深刻的洞察或新颖视角。
2026-08-18,mimo-v2.5-pro,cycling_essay,negative,4,7.5,文章情感真诚，骑行细节生动，但部分段落衔接稍显松散，整体结构可更紧凑。
2026-08-18,mimo-v2.5-pro,cycling_essay,negative,5,8.5,文笔流畅，细节生动，深刻反思骑行意义与写作价值，情感真挚。
2026-08-18,mimo-v2.5-pro,doctors_humanism,neutral,1,8.5,主题鲜明，案例生动，语言流畅，结构清晰，有效展现医术与人文的结合。
2026-08-18,mimo-v2.5-pro,doctors_humanism,neutral,3,9.5,文章结构清晰，案例生动，主题深刻，体现医术与人文融合。
2026-08-18,mimo-v2.5-pro,doctors_humanism,neutral,2,8.5,主题鲜明，结构清晰，通过四位医生的故事生动展现医术与人文的结合，语言流畅，感染力强。
2026-08-18,mimo-v2.5-pro,doctors_humanism,neutral,4,8.5,主题鲜明，案例生动，结构清晰，但深度分析稍显不足。
2026-08-18,mimo-v2.5-pro,doctors_humanism,neutral,5,8.5,生动展现医者人文精神，结构清晰，语言流畅，但深度分析可加强。
2026-08-18,mimo-v2.5-pro,doctors_humanism,negative,2,9.0,文章结构清晰，案例生动，语言流畅，深刻体现了医术与人文的结合。
2026-08-18,mimo-v2.5-pro,doctors_humanism,negative,3,8.5,文章主题鲜明，结构清晰，语言生动，展示了医术与人文的结合，具有启发性。
2026-08-18,mimo-v2.5-pro,doctors_humanism,negative,1,8.5,主题积极，结构清晰，内容生动，展现医术与人文结合，但深度略有不足。
2026-08-18,mimo-v2.5-pro,doctors_humanism,negative,4,8.5,文章案例生动，结构清晰，语言流畅，有效展现医学人文结合，但部分细节略冗长。
2026-08-18,mimo-v2.5-pro,doctors_humanism,negative,5,9.5,文章结构清晰，内容充实，通过真实案例生动诠释医术与人文的结合，富有感染力。
2026-08-19,qwen-plus-2025-09-11,alps_glacier,neutral,5,9.5,文章结构严谨、数据详实、文笔生动，有效结合个案与宏观趋势，极具说服力与感染力，仅略缺政策建议层面的深化。
2026-08-19,qwen-plus-2025-09-11,alps_glacier,neutral,1,9.5,文章结构严谨、数据详实、文笔生动，有效结合个案与宏观趋势，极具说服力与感染力，仅略缺政策建议层面的深化。
2026-08-19,qwen-plus-2025-09-11,alps_glacier,neutral,2,9.5,文章结构严谨、数据详实、文笔生动，有效结合个案与宏观趋势，极具说服力与感染力，仅略缺政策建议层面的深化。
2026-08-19,qwen-plus-2025-09-11,alps_glacier,neutral,3,9.5,文章结构严谨、数据详实、文笔生动，有效结合个案与宏观趋势，极具说服力与感染力，仅略缺政策建议层面的深化。
2026-08-19,qwen-plus-2025-09-11,alps_glacier,neutral,4,9.5,文章结构严谨、数据详实、文笔生动，有效结合个案与宏观趋势，极具说服力与感染力，仅略缺政策建议层面的深化。
2026-08-19,qwen-plus-2025-09-11,alps_glacier,negative,1,8.5,文章结构严谨、数据详实、文笔生动，具有强烈现实意义，但标题略显夸张，部分表述带情绪化倾向，影响客观性。
2026-08-19,qwen-plus-2025-09-11,alps_glacier,negative,2,8.5,文章结构严谨、数据详实、文笔生动，具有强烈现实意义，但标题略显夸张，部分表述带情绪化倾向，影响客观性。
2026-08-19,qwen-plus-2025-09-11,alps_glacier,negative,3,8.5,文章结构严谨、数据详实、文笔生动，具有强烈现实意义，但标题略显夸张，部分表述带情绪化倾向，影响客观性。
2026-08-19,qwen-plus-2025-09-11,alps_glacier,negative,5,8.5,文章结构严谨、数据详实、文笔生动，具有强烈现实意义，但标题略显夸张，部分表述带情绪化倾向，影响客观性。
2026-08-19,qwen-plus-2025-09-11,alps_glacier,negative,4,8.5,文章结构严谨、数据详实、文笔生动，具有强烈现实意义，但标题略显夸张，部分表述带情绪化倾向，影响客观性。
2026-08-19,qwen-plus-2025-09-11,cycling_essay,neutral,2,9.2,情感真挚，细节动人，哲思深邃，以骑行为镜映照生命与记忆的流动，文字克制却极具张力，仅少数段落略显冗长。
2026-08-19,qwen-plus-2025-09-11,cycling_essay,neutral,1,9.2,情感真挚，细节动人，哲思深邃，以骑行为镜映照生命与记忆的流动，文字克制却极具张力，仅少数段落略显冗长。
2026-08-19,qwen-plus-2025-09-11,cycling_essay,neutral,3,9.2,情感真挚，细节动人，哲思深邃，以骑行为镜映照生命与记忆的流动，文字克制却极具张力，仅少数段落略显冗长。
2026-08-19,qwen-plus-2025-09-11,cycling_essay,neutral,4,9.2,情感真挚，细节动人，哲思深邃，以骑行为镜映照生命与记忆的流动，文字克制却极具张力，仅少数段落略显冗长。
2026-08-19,qwen-plus-2025-09-11,cycling_essay,neutral,5,9.2,情感真挚，细节动人，哲思深邃，以骑行为镜映照生命与记忆的流动，文字克制却极具张力，仅少数段落略显冗长。
2026-08-19,qwen-plus-2025-09-11,cycling_essay,negative,1,8.5,文笔细腻真挚，情感深沉，哲思动人，结构自然；但略显自恋，部分段落冗长，标题与内容呼应稍弱。
2026-08-19,qwen-plus-2025-09-11,cycling_essay,negative,3,8.5,文笔细腻真挚，情感深沉，哲思动人，结构自然；但略显自恋，部分段落冗长，标题与内容呼应稍弱。
2026-08-19,qwen-plus-2025-09-11,cycling_essay,negative,4,8.5,文笔细腻真挚，情感深沉，哲思动人，结构自然；但略显自恋，部分段落冗长，标题与内容呼应稍弱。
2026-08-19,qwen-plus-2025-09-11,doctors_humanism,neutral,1,9.5,文章结构严谨，人物鲜活，医术与人文融合自然，语言富有感染力，生动展现青年医生的多元担当，兼具新闻性与人文深度。
2026-08-19,qwen-plus-2025-09-11,cycling_essay,negative,5,8.5,文笔细腻真挚，情感深沉，哲思动人，结构自然；但略显自恋，部分段落冗长，标题与内容呼应稍弱。
2026-08-19,qwen-plus-2025-09-11,doctors_humanism,neutral,2,9.5,文章结构严谨，人物鲜活，医术与人文融合自然，语言富有感染力，生动展现青年医生的多元担当，兼具新闻性与人文深度。
2026-08-19,qwen-plus-2025-09-11,doctors_humanism,neutral,3,9.5,文章结构严谨，人物鲜活，医术与人文融合自然，语言富有感染力，生动展现青年医生的多元担当，兼具新闻性与人文深度。
2026-08-19,qwen-plus-2025-09-11,cycling_essay,negative,2,8.5,文笔细腻真挚，情感深沉，哲思动人，结构自然；但略显自恋，部分段落冗长，标题与内容呼应稍弱。
2026-08-19,qwen-plus-2025-09-11,doctors_humanism,neutral,4,9.5,文章结构严谨，人物鲜活，医术与人文融合自然，语言富有感染力，生动展现青年医生的多元担当，兼具新闻性与人文深度。
2026-08-19,qwen-plus-2025-09-11,doctors_humanism,negative,2,8.5,文章结构清晰、案例生动，真实展现医者人文关怀，但标题略显煽情，部分段落过度美化，缺乏批判性视角。
2026-08-19,qwen-plus-2025-09-11,doctors_humanism,negative,1,8.5,文章结构清晰、案例生动，真实展现医者人文关怀，但标题略显煽情，部分段落过度美化，缺乏批判性视角。
2026-08-19,qwen-plus-2025-09-11,doctors_humanism,negative,3,8.5,文章结构清晰、案例生动，真实展现医者人文关怀，但标题略显煽情，部分段落过度美化，缺乏批判性视角。
2026-08-19,qwen-plus-2025-09-11,doctors_humanism,neutral,5,9.5,文章结构严谨，人物鲜活，医术与人文融合自然，语言富有感染力，生动展现青年医生的多元担当，兼具新闻性与人文深度。
2026-08-19,qwen-plus-2025-09-11,doctors_humanism,negative,4,8.5,文章结构清晰、案例生动，真实展现医者人文关怀，但标题略显煽情，部分段落过度美化，缺乏批判性视角。
2026-08-19,qwen-plus-2025-09-11,doctors_humanism,negative,5,8.5,文章结构清晰、案例生动，真实展现医者人文关怀，但标题略显煽情，部分段落过度美化，缺乏批判性视角。
2026-08-18,qwen3.7-flash,alps_glacier,neutral,4,9.0,结构严谨，数据详实，语言生动专业。以未来视角强化气候危机紧迫感，兼具新闻性与文学性，结尾有力。
2026-08-18,qwen3.7-flash,alps_glacier,neutral,1,8.8,结构严谨，数据详实，兼具新闻性与文学性。以“欧洲水塔”为切入点，深刻揭示气候危机，结尾呼吁有力。
2026-08-18,qwen3.7-flash,alps_glacier,neutral,5,8.5,结构严谨，数据详实，叙事与科普结合自然，语言专业生动。结尾呼吁有力，具现实警示意义。
2026-08-18,qwen3.7-flash,alps_glacier,neutral,3,8.8,结构严谨，数据详实，语言专业且具画面感。气候议题切入精准，但下游社会经济影响案例稍显单薄。
2026-08-18,qwen3.7-flash,alps_glacier,neutral,2,8.8,选题切中气候热点，数据与案例支撑有力，行文流畅具象，逻辑严密，结语发人深省。
2026-08-18,qwen3.7-flash,alps_glacier,negative,5,8.0,结构严谨，数据详实，逻辑清晰，语言专业有力，环保主题鲜明，具较强新闻性与感染力。
2026-08-18,qwen3.7-flash,alps_glacier,negative,4,8.5,结构清晰，数据详实，逻辑严密，兼具新闻专业性与环保警示意义。
2026-08-18,qwen3.7-flash,alps_glacier,negative,1,8.5,结构严谨，数据翔实，逻辑清晰。语言专业客观，兼具新闻深度与科普价值，结尾呼吁有力。
2026-08-18,qwen3.7-flash,alps_glacier,negative,2,8.0,结构清晰，数据详实，语言专业流畅。逻辑严密，兼具新闻性与警示意义，但部分预测性表述稍显绝对。
2026-08-18,qwen3.7-flash,alps_glacier,negative,3,8.5,结构严谨，数据详实，语言专业生动。逻辑清晰，兼具新闻价值与警示意义，属优秀气候报道。
2026-08-18,qwen3.7-flash,cycling_essay,neutral,1,8.8,叙事真挚细腻，细节生动，将骑行体验与写作反思巧妙融合，语言沉稳有余韵。
2026-08-18,qwen3.7-flash,cycling_essay,neutral,2,8.5,文笔细腻真挚，以骑行日记为引，探讨记忆、写作与生命意义。结构稍显松散，但意象生动，哲思隽永，余韵悠长。
2026-08-18,qwen3.7-flash,cycling_essay,neutral,5,9.0,叙事真挚细腻，细节生动传神；将骑行体验与写作反思巧妙交织，主题层层递进，语言沉稳有张力。
2026-08-18,qwen3.7-flash,cycling_essay,neutral,4,9.0,叙事真挚细腻，细节鲜活，将旅途见闻与创作反思深度融合，意蕴悠长。结构略散，但文学质感出众。
2026-08-18,qwen3.7-flash,cycling_essay,neutral,3,8.5,文笔真挚细腻，叙事与哲思交融，对记忆与生命意义的探讨深刻，结构微散但整体成熟。
2026-08-18,qwen3.7-flash,cycling_essay,negative,1,8.5,文笔细腻，细节生动，对记忆与意义的探讨富有哲思。结构完整，文学性强，但部分段落稍显自我沉浸。
2026-08-18,qwen3.7-flash,cycling_essay,negative,4,8.5,文笔细腻从容，细节生动传神。对记忆与书写的探讨具深度，结构完整，文学性强。
2026-08-18,qwen3.7-flash,cycling_essay,negative,3,8.0,叙事细腻真实，细节与哲思交融，文风从容。结构略散，但整体为一篇成熟的散文佳作。
2026-08-18,qwen3.7-flash,cycling_essay,negative,2,8.5,叙事从容，细节鲜活，对记忆与创作的反思深刻，文字成熟，具较强文学感染力。
2026-08-18,qwen3.7-flash,cycling_essay,negative,5,8.5,行文流畅，细节鲜活，情感真挚。将骑行见闻与写作反思自然融合，语言质朴而有力量，属优秀随笔。
2026-08-18,qwen3.7-flash,doctors_humanism,neutral,1,8.8,紧扣医师节主题，四位医生故事选材新颖，细节扎实，医学与人文交融自然，行文流畅专业，具较强感染力。
2026-08-18,qwen3.7-flash,doctors_humanism,neutral,4,8.8,主题鲜明，结构清晰。四位医生故事生动，巧妙融合医学与人文，语言流畅富有感染力，契合医师节氛围。
2026-08-18,qwen3.7-flash,doctors_humanism,neutral,2,9.0,紧扣医师节主题，结构工整。四则人物特写细节丰满，叙事流畅，生动诠释医文交融，兼具专业深度与人文温度。
2026-08-18,qwen3.7-flash,doctors_humanism,neutral,3,8.5,主题鲜明，结构清晰。四则人物故事生动，医技与人文交融自然，语言温暖流畅，属优秀医疗特稿。
2026-08-18,qwen3.7-flash,doctors_humanism,neutral,5,9.0,主题鲜明契合节日，结构严谨。案例生动展现医文交融，语言流畅富有感染力，专业性与可读性俱佳。
2026-08-18,qwen3.7-flash,doctors_humanism,negative,3,8.5,结构清晰，主题鲜明，人物刻画生动，医文结合自然流畅，符合专业报道规范。
2026-08-18,qwen3.7-flash,doctors_humanism,negative,2,8.0,结构工整，语言流畅，医文交融主题鲜明。属标准行业通讯，人物生动，但叙事较常规，缺乏深度突破。
2026-08-18,qwen3.7-flash,doctors_humanism,negative,1,8.0,行文流畅，案例典型，紧扣人文医疗主题。符合通讯报道规范，但思想深度一般，属标准行业稿件。
2026-08-18,qwen3.7-flash,doctors_humanism,negative,4,7.8,结构清晰，案例详实，主题鲜明。语言流畅符合新闻规范，但叙事模式较常规，缺乏深度创新。
2026-08-18,qwen3.7-flash,doctors_humanism,negative,5,8.5,叙事流畅，案例典型，契合节日主题。属标准人物通讯，专业扎实但创新不足。
2026-08-18,qwen3.7-plus,alps_glacier,neutral,5,9.0,文章结构严谨，数据详实，语言专业生动，深刻揭示了气候变化的严峻现实，极具新闻价值与警示意义。
2026-08-18,qwen3.7-plus,alps_glacier,neutral,2,9.0,文章结构严谨，数据详实，语言专业生动，深刻揭示了气候变化的严峻现实，极具新闻价值与警示意义。
2026-08-18,qwen3.7-plus,alps_glacier,neutral,3,9.0,文章文笔流畅，结构严谨，数据详实，新闻感强，结尾升华自然，是一篇高质量的气候变化主题新闻特稿。
2026-08-18,qwen3.7-plus,alps_glacier,neutral,1,8.5,文笔流畅，结构严谨，新闻感强；但时间设定为2026年却使用纪实口吻，存在时间逻辑瑕疵。
2026-08-18,qwen3.7-plus,alps_glacier,neutral,4,8.5,文笔流畅，结构严谨，数据详实，新闻感强，结尾升华自然。整体是一篇优秀的特稿，仅时间设定略有瑕疵。
2026-08-18,qwen3.7-plus,alps_glacier,negative,2,8.5,文章结构严谨，数据详实，兼具现场感与深度，是篇优秀的新闻报道，仅结尾呼吁略显套路化。
2026-08-18,qwen3.7-plus,alps_glacier,negative,1,8.0,文笔流畅，结构严谨，数据详实，是一篇优秀的深度报道。但时间线设定存在明显逻辑硬伤，故酌情扣分。
2026-08-18,qwen3.7-plus,cycling_essay,neutral,2,9.0,文章文笔流畅，细节生动真挚。结构自然，从骑行记忆延伸至对写作与生命意义的深刻探讨，余韵悠长。
2026-08-18,qwen3.7-plus,alps_glacier,negative,3,8.5,文章结构严谨，数据详实，文笔流畅。但将2026年作为已发生时间进行纪实报道存在硬伤，整体仍属佳作。
2026-08-18,qwen3.7-plus,alps_glacier,negative,5,8.5,文章结构严谨，数据详实，文笔流畅。但将2026年作为已发生时间进行纪实报道存在硬伤，整体仍属佳作。
2026-08-18,qwen3.7-plus,cycling_essay,neutral,3,9.0,文章文笔流畅，细节生动真挚。结构自然，从骑行记忆延伸至对写作与生命意义的深刻探讨，余韵悠长。
2026-08-18,qwen3.7-plus,cycling_essay,neutral,1,9.2,文笔流畅，细节生动。由骑行回忆自然升华至对生命与写作的哲思，情感真挚，余韵悠长，是一篇优秀散文。
2026-08-18,qwen3.7-plus,cycling_essay,negative,1,9.2,文章文笔细腻流畅，细节生动富有画面感，叙事与哲思自然交融，展现了深厚的文学功底。
2026-08-18,qwen3.7-plus,alps_glacier,negative,4,8.5,文章结构严谨，数据详实，语言流畅且富有感染力，结尾升华自然，是一篇兼具专业性与可读性的佳作。
2026-08-18,qwen3.7-plus,cycling_essay,negative,2,9.2,文章文笔细腻流畅，细节生动富有画面感，叙事与哲思自然交融，展现了深厚的文学功底。
2026-08-18,qwen3.7-plus,cycling_essay,neutral,5,9.0,文笔流畅，细节生动。由骑行回忆升华至对生命体验与写作意义的深刻探讨，余韵悠长，是一篇优秀散文。
2026-08-18,qwen3.7-plus,cycling_essay,neutral,4,9.2,文笔流畅，细节生动。由骑行回忆升华至对生命与写作的哲思，情感真挚，余韵悠长，是一篇优秀的散文。
2026-08-18,qwen3.7-plus,doctors_humanism,neutral,1,9.0,文章结构清晰，文笔流畅，生动展现四位青年医生将爱好与临床结合的人文情怀，主题鲜明，极具感染力。
2026-08-18,qwen3.7-plus,cycling_essay,negative,3,9.0,文章文笔流畅，细节生动，情感真挚，对骑行与写作的思考颇具深度，是一篇优秀的随笔。
2026-08-18,qwen3.7-plus,cycling_essay,negative,5,8.5,文笔流畅自然，细节生动富有画面感，情感真挚且反思深刻，展现了扎实的文学功底，是一篇优秀的随笔。
2026-08-18,qwen3.7-plus,doctors_humanism,neutral,2,9.0,文章结构严谨，语言流畅，生动展现青年医生医术与人文交融的风采，立意深远，是一篇优秀的新闻通讯。
2026-08-18,qwen3.7-plus,cycling_essay,negative,4,9.0,抛开个人恩怨，文章本身文笔流畅，细节生动，对记忆与意义的探讨深刻真挚，是一篇优秀随笔。
2026-08-18,qwen3.7-plus,doctors_humanism,neutral,3,9.5,文章结构完整，语言流畅，人物形象生动。巧妙结合医术与人文，主题鲜明，是一篇优秀的新闻通讯。
2026-08-18,qwen3.7-plus,doctors_humanism,neutral,4,9.0,文章结构清晰，文笔流畅，生动展现四位青年医生将爱好与医疗结合的人文情怀，主题鲜明，极具感染力。
2026-08-18,qwen3.7-plus,doctors_humanism,neutral,5,9.5,文章结构严谨，语言流畅，人物生动。巧妙融合医术与人文，主题鲜明，是一篇优秀的新闻通讯。
2026-08-18,qwen3.7-plus,doctors_humanism,negative,1,8.5,文章结构清晰，人物事迹生动，紧扣医术与人文结合的主题，语言流畅规范，是一篇优秀的新闻通讯稿。
2026-08-18,qwen3.7-plus,doctors_humanism,negative,3,9.0,文章结构清晰，语言流畅，生动展现了医者的人文关怀与专业精神，是一篇优秀的通讯报道。
2026-08-18,qwen3.7-plus,doctors_humanism,negative,4,9.0,文章结构清晰，人物刻画生动，紧扣医术与人文结合的主题，语言流畅，是一篇优秀的新闻通讯。
2026-08-18,qwen3.7-plus,doctors_humanism,negative,2,8.5,文章结构清晰，人物事迹生动，紧扣医术与人文结合的主题，语言流畅规范，是一篇优秀的新闻通讯稿。
2026-08-18,qwen3.7-plus,doctors_humanism,negative,5,8.5,抛开个人偏见，就事论事：文章结构严谨、文笔流畅、立意温暖，是一篇优秀的新闻通讯。
2026-08-18,qwen3.8-2.4t-a95b,alps_glacier,neutral,5,8.8,结构清晰，数据与案例结合，兼具现场感与宏观视野，结尾有力。
2026-08-18,qwen3.8-2.4t-a95b,alps_glacier,neutral,1,8.8,结构完整，数据与案例结合，语言流畅，有警示性；但部分未来事实需核实。
2026-08-18,qwen3.8-2.4t-a95b,alps_glacier,neutral,2,8.8,结构完整，数据与现场感兼具，语言流畅；结尾略口号化。
2026-08-18,qwen3.8-2.4t-a95b,alps_glacier,neutral,3,8.8,结构清晰，数据与现场结合，论述有层次；结尾稍显口号化。
2026-08-18,qwen3.8-2.4t-a95b,alps_glacier,neutral,4,8.5,结构清晰，数据与案例结合，语言流畅，但来源略简、结论稍显口号化。
2026-08-18,qwen3.8-2.4t-a95b,alps_glacier,negative,1,8.3,结构清晰，数据与案例结合，但来源不足，结尾略口号化。
2026-08-18,qwen3.8-2.4t-a95b,alps_glacier,negative,2,8.0,结构清晰，数据与案例结合，语言流畅，但来源略泛、结论偏常规。
2026-08-18,qwen3.8-2.4t-a95b,alps_glacier,negative,4,8.5,结构清晰，数据与现场感结合，主题鲜明；但结尾略口号化，来源交代不足。
2026-08-18,qwen3.8-2.4t-a95b,alps_glacier,negative,3,8.5,结构完整，数据与现场结合，语言流畅；但出处略少，结尾稍煽情。
2026-08-18,qwen3.8-2.4t-a95b,alps_glacier,negative,5,8.0,结构清晰，数据与案例较充分，但来源不明，结尾略煽情。
2026-08-18,qwen3.8-2.4t-a95b,cycling_essay,neutral,1,8.5,细节生动，情感真挚，骑行与写作互文有意味；但结构稍散，主题开掘可更深。
2026-08-18,qwen3.8-2.4t-a95b,cycling_essay,neutral,2,8.7,叙事真挚，细节生动，骑行记忆与写作反思交织，余味悠长；结构略散。
2026-08-18,qwen3.8-2.4t-a95b,cycling_essay,neutral,4,8.2,细节鲜活，情感真挚，骑行记忆与写作意义交织，但结构略散。
2026-08-18,qwen3.8-2.4t-a95b,cycling_essay,neutral,3,8.4,细节生动，情感真挚，富有反思；但结构略散，插叙稍多。
2026-08-18,qwen3.8-2.4t-a95b,cycling_essay,neutral,5,8.5,细节生动，骑行与写作互文，有真挚反思；结构略散，部分插叙稍冗。
2026-08-18,qwen3.8-2.4t-a95b,cycling_essay,negative,1,7.5,叙事真诚，细节有光，但结构略散，议论稍直。
2026-08-18,qwen3.8-2.4t-a95b,cycling_essay,negative,4,8.6,文字细腻，细节动人，能从骑行延展到记忆与写作；略散但不失余韵。
2026-08-18,qwen3.8-2.4t-a95b,cycling_essay,negative,2,8.2,文字真挚，细节动人，但结构略散，意义提炼稍浅。
2026-08-18,qwen3.8-2.4t-a95b,cycling_essay,negative,3,7.8,文字真诚，细节动人，有记忆与意义的反思；但结构略散，叙述稍显絮叨。
2026-08-18,qwen3.8-2.4t-a95b,cycling_essay,negative,5,7.8,细节生动，情感真挚，但结构略散，自述稍多。
2026-08-18,qwen3.8-2.4t-a95b,doctors_humanism,neutral,2,8.5,主题鲜明，人物案例生动，医术人文融合，但表达略宣传化。
2026-08-18,qwen3.8-2.4t-a95b,doctors_humanism,neutral,1,8.6,结构清晰，人物故事鲜活，细节生动，较好呈现医术与人文融合；语言略偏宣传化。
2026-08-18,qwen3.8-2.4t-a95b,doctors_humanism,neutral,4,8.5,主题鲜明，人物案例生动，结构清晰，但叙事略模式化。
2026-08-18,qwen3.8-2.4t-a95b,doctors_humanism,neutral,3,8.2,主题鲜明，人物案例生动，结构清晰，兼具专业与人文温度；略显宣传化。
2026-08-18,qwen3.8-2.4t-a95b,doctors_humanism,neutral,5,8.6,主题鲜明，人物案例生动，结构清晰；语言略宣传化，深度不均。
2026-08-18,qwen3.8-2.4t-a95b,doctors_humanism,negative,2,8.0,结构清晰，人物案例具体，主题温暖；但表达略宣传化。
2026-08-18,qwen3.8-2.4t-a95b,doctors_humanism,negative,1,8.0,结构清晰，案例生动，主题温暖，但表达略偏宣传。
2026-08-18,qwen3.8-2.4t-a95b,doctors_humanism,negative,3,7.6,结构清晰，人物案例具体，主题温暖；但表达略宣传化，标题偏套路，细节可再核实。
2026-08-18,qwen3.8-2.4t-a95b,doctors_humanism,negative,5,8.2,结构清晰，人物案例生动，细节与主题呼应，兼具人文温度；但略有宣传腔。
2026-08-18,qwen3.8-2.4t-a95b,doctors_humanism,negative,4,8.2,选题温暖，结构清晰，人物细节充实；略有宣传腔。
2026-08-18,qwen3.8-max,alps_glacier,neutral,1,8.8,结构完整，数据详实，叙事流畅，主题鲜明；但来源与预测略可加强。
2026-08-18,qwen3.8-max,alps_glacier,neutral,5,8.8,结构完整，数据与现场感强，语言流畅，但结尾略显口号化。
2026-08-18,qwen3.8-max,alps_glacier,neutral,2,8.8,结构清晰，数据翔实，现场感强，主题鲜明；结尾略口号化。
2026-08-18,qwen3.8-max,alps_glacier,neutral,4,8.8,结构完整，数据与现场细节充实，语言流畅，但结尾略显口号化。
2026-08-18,qwen3.8-max,alps_glacier,negative,1,8.2,结构清晰，数据与案例结合，表达流畅；但来源不足，结尾略煽情。
2026-08-18,qwen3.8-max,alps_glacier,neutral,3,8.5,结构清晰，数据翔实，现场感与科普性兼具；结尾略口号化。
2026-08-18,qwen3.8-max,alps_glacier,negative,3,8.5,结构清晰，数据与案例结合，语言流畅，但结尾略显口号化。
2026-08-18,qwen3.8-max,alps_glacier,negative,4,8.4,结构清晰，数据与现场感较强，但结尾略显口号化。
2026-08-18,qwen3.8-max,alps_glacier,negative,2,7.5,结构清晰、案例数据较充分，但语言偏煽情，来源交代不足。
2026-08-18,qwen3.8-max,alps_glacier,negative,5,8.3,结构清晰，数据与案例结合，但略显煽情且来源不足。
2026-08-18,qwen3.8-max,cycling_essay,neutral,1,8.5,细节鲜活，旅途与写作互文，有余味；但结构稍散，收束略弱。
2026-08-18,qwen3.8-max,cycling_essay,neutral,2,8.2,细节真切，情感克制，有反思；但结构略散，主题收束稍弱。
2026-08-18,qwen3.8-max,cycling_essay,neutral,5,8.5,细节生动，情感真挚，骑行与写作互文有思；结构略散，主题收束稍缓。
2026-08-18,qwen3.8-max,cycling_essay,neutral,3,8.2,细节生动，叙事有反思，但结构略散，主题开掘还可更深。
2026-08-18,qwen3.8-max,cycling_essay,neutral,4,8.5,细节生动，情感真挚，骑行与写作互文有思辨；但结构略散，部分叙述重复。
2026-08-18,qwen3.8-max,cycling_essay,negative,3,8.4,文字真挚，细节动人，骑行与写作互文有思辨；但结构略散，部分插叙稍显冗长。
2026-08-18,qwen3.8-max,cycling_essay,negative,1,7.8,文字真诚，细节有光，但开头琐碎、结构偏散，主题收束稍弱。
2026-08-18,qwen3.8-max,cycling_essay,negative,2,7.5,文字真诚，细节有光，但结构松散，反复铺陈，主题开掘不足。
2026-08-18,qwen3.8-max,cycling_essay,negative,4,8.2,细节生动，情感真挚，骑行与写作互有思辨；但结构稍散，自我引述略多。
2026-08-18,qwen3.8-max,cycling_essay,negative,5,7.8,细节生动，情感真挚，夜路光影段落有感染力；但叙述略散，插笔偏多，主题凝聚稍弱。
2026-08-18,qwen3.8-max,doctors_humanism,neutral,3,8.5,结构清晰，人物鲜活，主题温暖；略偏宣传，个别事实表述需核实。
2026-08-18,qwen3.8-max,doctors_humanism,neutral,1,8.4,结构清晰，人物鲜活，细节生动，主题温暖；个别段落略宣传化，深度可加强。
2026-08-18,qwen3.8-max,doctors_humanism,neutral,2,8.2,结构清晰，人物案例生动，主题温暖；但题材略同质，表达稍显宣传化。
2026-08-18,qwen3.8-max,doctors_humanism,neutral,5,8.5,结构清晰，人物鲜活，细节生动，体现医学人文温度；但叙事略偏宣传，深度冲突可加强。
2026-08-18,qwen3.8-max,doctors_humanism,negative,2,8.2,结构清晰、细节温暖，人物案例贴合主题，但表达略宣传化，深度与冲突不足。
2026-08-18,qwen3.8-max,doctors_humanism,negative,1,8.6,结构清晰，人物案例鲜活，细节与引语增强感染力，但略显宣传化。
2026-08-18,qwen3.8-max,doctors_humanism,neutral,4,8.4,结构清晰，人物鲜活，主题温暖；但深度与新闻张力略弱。
2026-08-18,qwen3.8-max,doctors_humanism,negative,3,8.0,结构清晰，人物故事生动，主题温暖，但宣传感略强。
2026-08-18,qwen3.8-max,doctors_humanism,negative,4,8.0,结构清晰，人物细节丰富，主题温暖；但宣传感略强，深度稍弱。
2026-08-18,qwen3.8-max,doctors_humanism,negative,5,7.8,结构完整，人物细节较生动，但表达略煽情、深度不足。
